id,name,slug,createdAt,updatedAt
2c104cb5-4b5b-4a05-99f4-823f5bef16f8,3CE,3ce,2026-04-05T14:45:54.710005,2026-04-05T14:45:54.710005
4e2db567-e96a-4bcd-ae63-ec5dd8e20451,DHC,dhc,2026-04-05T14:45:54.710005,2026-04-05T14:45:54.710005
58d83ab8-9f35-4427-b561-ea3e0c36a29a,Mastige,mastige,2026-04-05T14:45:54.710005,2026-04-05T14:45:54.710005
0c331dd8-b5b9-4e18-882e-99b3de11c406,Banila Co,banila-co,2026-04-05T14:45:54.710005,2026-04-05T14:45:54.710005
a3bcd572-972f-4dab-b035-79c58bd97acb,Vaseline,vaseline,2026-04-05T14:45:54.710005,2026-04-05T14:45:54.710005
0c634ac2-f02b-4115-b4f1-0313367d1f8f,Maybelline,maybelline,2026-04-05T14:45:54.710005,2026-04-05T14:45:54.710005
4e38d202-d7b3-4f3b-a8e3-94696ab95d07,Black Rouge,black-rouge,2026-04-05T14:45:54.710005,2026-04-05T14:45:54.710005
705438fb-5198-4f0a-9637-96a4c7c5ffd0,Torriden,torriden,2026-04-05T14:45:54.710005,2026-04-05T14:45:54.710005
5843503e-6788-472b-8300-9058e3b5b75d,Mediheal,mediheal,2026-04-05T14:45:54.710005,2026-04-05T14:45:54.710005
0043223b-df7e-4633-8519-588c25d5ae6e,Pure Paw Paw,pure-paw-paw,2026-04-05T14:45:54.710005,2026-04-05T14:45:54.710005
525e1715-7235-4ed1-9e8d-d80a3cdbfc19,Laneige,laneige,2026-04-05T14:45:54.710005,2026-04-05T14:45:54.710005
26c3db69-0546-4051-ba90-6c072170f149,Cocoon,cocoon,2026-04-05T14:45:54.710005,2026-04-05T14:45:54.710005
4ab9ef71-bbfe-4afd-99e5-ecb40828555b,BYS,bys,2026-04-05T14:45:54.710005,2026-04-05T14:45:54.710005
cf0220de-dd5c-438e-ac40-bb65591b35d6,Naris Cosmetics,naris-cosmetics,2026-04-05T14:45:54.710005,2026-04-05T14:45:54.710005
48fb113a-a985-465a-9eca-d280b0a74e7a,Judydoll,judydoll,2026-04-05T14:45:54.710005,2026-04-05T14:45:54.710005
aa84b2ea-c84e-462b-b1b0-b9fae7524b37,B.O.M,b-o-m,2026-04-05T14:45:54.710005,2026-04-05T14:45:54.710005
33ddd8c0-a710-4df0-92ac-2c8a724f80a5,Silkygirl,silkygirl,2026-04-05T14:45:54.710005,2026-04-05T14:45:54.710005
43d8ff54-ac39-4dbf-8ae2-955167b610a4,Into You,into-you,2026-04-05T14:45:54.710005,2026-04-05T14:45:54.710005
f0f06243-40b4-4ddb-85f1-13912b8faefd,LipIce,lipice,2026-04-05T14:45:54.710005,2026-04-05T14:45:54.710005
655dbe36-6d01-4c78-ad50-cbd72a449473,Cezanne,cezanne,2026-04-05T14:45:54.710005,2026-04-05T14:45:54.710005
6a0006c3-fbe6-4036-a376-333a296f6b40,australis,australis,2026-04-05T14:45:54.710005,2026-04-05T14:45:54.710005
ed5cf6f5-32dd-430e-9472-1f21709cc06b,Milaganics,milaganics,2026-04-05T14:45:54.710005,2026-04-05T14:45:54.710005
dcac2354-9695-4c7b-920d-b43bdf99a36b,Nookoi,nookoi,2026-04-05T14:45:54.710005,2026-04-05T14:45:54.710005
fc41965d-c155-49db-8774-d33bf5bba921,Joocyee,joocyee,2026-04-05T14:45:54.710005,2026-04-05T14:45:54.710005
f39234ad-d922-4677-91c9-1b7d15970f96,L'Oreal,l-oreal,2026-04-05T14:45:54.710005,2026-04-05T14:45:54.710005
082f7205-1d19-497a-ae60-0ef37f6188fd,Carslan,carslan,2026-04-05T14:45:54.710005,2026-04-05T14:45:54.710005
d44a0d90-ec8f-4a3d-8e7c-2bf2a4a1ca38,Nuxe,nuxe,2026-04-05T14:45:54.710005,2026-04-05T14:45:54.710005
9243b7a4-3ef1-4316-bd85-c6d2adf41651,Flawsome,flawsome,2026-04-05T14:45:54.710005,2026-04-05T14:45:54.710005
43d06232-ac8e-463a-939f-b896b88c18ba,Lipstician,lipstician,2026-04-05T14:45:54.710005,2026-04-05T14:45:54.710005
15ff86cc-91d6-4074-b44a-2d006e6d7d8b,Nivea,nivea,2026-04-05T14:45:54.710005,2026-04-05T14:45:54.710005
eded0dfd-b9c8-4549-a818-dd69b19d94e1,BareSoul,baresoul,2026-04-05T14:45:54.710005,2026-04-05T14:45:54.710005
485bbd3e-6706-4886-8587-69c164d7ff49,Glamrr Q,glamrr-q,2026-04-05T14:45:54.710005,2026-04-05T14:45:54.710005
c9f9cd16-ac1a-40e4-883e-da5802e3a4c3,Cathy Doll,cathy-doll,2026-04-05T14:45:54.710005,2026-04-05T14:45:54.710005
cc893a62-7816-41f3-ae02-355487734494,Menard,menard,2026-04-05T14:45:54.710005,2026-04-05T14:45:54.710005
68835273-b308-485d-ad27-b6d3446f6a09,Espoir,espoir,2026-04-05T14:45:54.710005,2026-04-05T14:45:54.710005
81d52ac0-e364-4ec3-b26d-240124d48981,Colorkey,colorkey,2026-04-05T14:45:54.710005,2026-04-05T14:45:54.710005
3ea4e128-5f0a-4411-a6e7-c86e09051ee9,Horus,horus,2026-04-05T14:45:54.710005,2026-04-05T14:45:54.710005
24e57e59-5a48-462d-bfce-621f88c3c30e,Mamonde,mamonde,2026-04-05T14:45:54.710005,2026-04-05T14:45:54.710005
d5e797f6-1943-4467-9ef3-d5ac197c3a39,Vacosi,vacosi,2026-04-05T14:45:54.710005,2026-04-05T14:45:54.710005
d0e66785-0c9b-4f78-8e88-61adf9bf4ef2,Cỏ Mềm,c-m-m,2026-04-05T14:45:54.710005,2026-04-05T14:45:54.710005
2681a0be-6b45-41a5-9225-a2703c8306c4,Bioderma,bioderma,2026-04-05T14:45:54.710005,2026-04-05T14:45:54.710005
5140d78f-8b52-4d13-9683-a53e9d1cae55,Lilybyred,lilybyred,2026-04-05T14:45:54.710005,2026-04-05T14:45:54.710005
fe2889c7-0fcb-42b7-84fd-928704419cf0,Yosuaa,yosuaa,2026-04-05T14:45:54.710005,2026-04-05T14:45:54.710005
9b33eb9f-7304-4faa-abf7-f7a97d1f0f35,Caryophy,caryophy,2026-04-05T14:45:54.710005,2026-04-05T14:45:54.710005
11f89567-e4b9-438c-9784-249a86d85e13,WonJin,wonjin,2026-04-05T14:45:54.710005,2026-04-05T14:45:54.710005
cc203e4c-e074-42a0-8a61-c37fa7867f6c,Banobagi,banobagi,2026-04-05T14:45:54.710005,2026-04-05T14:45:54.710005
ba5e4c66-6a4b-45ad-bb7d-84b1f1153ada,Emmié by Happy Skin,emmi-by-happy-skin,2026-04-05T14:45:54.710005,2026-04-05T14:45:54.710005
5175fea0-85e8-4f92-a2e0-94cfb9c1f999,BNBG,bnbg,2026-04-05T14:45:54.710005,2026-04-05T14:45:54.710005
7e0caa0d-7a7a-4dc1-85c7-155a146d77c1,Luvum,luvum,2026-04-05T14:45:54.710005,2026-04-05T14:45:54.710005
e20c89d5-bedc-4029-a9f9-ad6b053dcf36,Foodaholic,foodaholic,2026-04-05T14:45:54.710005,2026-04-05T14:45:54.710005
a5f2c9f3-7bbb-4b33-be21-bd73436cdd0a,Sur.Medic+,sur-medic,2026-04-05T14:45:54.710005,2026-04-05T14:45:54.710005
c22d7973-bf61-415d-92c3-65627e03c6e7,Purederm,purederm,2026-04-05T14:45:54.710005,2026-04-05T14:45:54.710005
b0a0183e-e6ec-45a7-a686-0919bfabe37e,Bio-essence,bio-essence,2026-04-05T14:45:54.710005,2026-04-05T14:45:54.710005
746080bb-d48f-4a21-9819-0dc3c6c8f097,Some By Mi,some-by-mi,2026-04-05T14:45:54.710005,2026-04-05T14:45:54.710005
dfcdd5b0-cb9f-4acc-b787-46a72af71fed,Skin1004,skin1004,2026-04-05T14:45:54.710005,2026-04-05T14:45:54.710005
30ff9575-b55c-49d7-ab06-55fa62d7623c,Elixir,elixir,2026-04-05T14:45:54.710005,2026-04-05T14:45:54.710005
31b011eb-b0ca-4627-bb40-1cf3ffd226f3,Care:Nel,care-nel,2026-04-05T14:45:54.710005,2026-04-05T14:45:54.710005
432191da-6a37-434c-90ff-a67514e5f751,Sexylook,sexylook,2026-04-05T14:45:54.710005,2026-04-05T14:45:54.710005
d0a00ada-7465-4774-9e6e-a044771123ab,Beplain,beplain,2026-04-05T14:45:54.710005,2026-04-05T14:45:54.710005
e420cf1f-e0cf-473f-8065-7a7ff0499916,Naruko,naruko,2026-04-05T14:45:54.710005,2026-04-05T14:45:54.710005
8da2ef3b-5cc9-4eed-a95c-a1c12a9c8a11,JMsolution,jmsolution,2026-04-05T14:45:54.710005,2026-04-05T14:45:54.710005
e1459cac-fca8-489c-b7c8-2c7413d133ea,Freeplus,freeplus,2026-04-05T14:45:54.710005,2026-04-05T14:45:54.710005
67259210-00a3-47e0-abb1-18596fdcbf90,Klairs,klairs,2026-04-05T14:45:54.710005,2026-04-05T14:45:54.710005
6f9bc9b0-1945-4105-8dd2-dce6eb511760,Derladie,derladie,2026-04-05T14:45:54.710005,2026-04-05T14:45:54.710005
aed73343-319a-4a13-8747-a7dca3d51e97,I'm from,i-m-from,2026-04-05T14:45:54.710005,2026-04-05T14:45:54.710005
a7b08f95-f3c0-4146-8a65-79d760d2f352,Nature Republic,nature-republic,2026-04-05T14:45:54.710005,2026-04-05T14:45:54.710005
954b5387-b78d-444b-82a3-4133d0ae32ac,Bioré,bior,2026-04-05T14:45:54.710005,2026-04-05T14:45:54.710005
056d9de2-96cb-45a2-83c6-afb7b985c493,innisfree,innisfree,2026-04-05T14:45:54.710005,2026-04-05T14:45:54.710005
b1e21da9-1ba3-4f2f-840f-e591fa3cc50c,Senka,senka,2026-04-05T14:45:54.710005,2026-04-05T14:45:54.710005
77187c8e-6f5b-49e8-b286-4ca3c9c1b054,Celefit,celefit,2026-04-05T14:45:54.710005,2026-04-05T14:45:54.710005
c578c69e-8a0c-4545-a24e-f6ec983e80e3,Lebelage,lebelage,2026-04-05T14:45:54.710005,2026-04-05T14:45:54.710005
7646b590-fd5f-4531-9c8d-f30387113276,16plain,16plain,2026-04-05T14:45:54.710005,2026-04-05T14:45:54.710005
91b8af58-3a4b-4bea-9584-b275be86e563,Dermal,dermal,2026-04-05T14:45:54.710005,2026-04-05T14:45:54.710005
5248df50-0cae-48d5-b930-af62146234a9,Mayan,mayan,2026-04-05T14:45:54.710005,2026-04-05T14:45:54.710005
8e2d8e0d-b3e3-40c7-b5b8-33f6896406ca,Lánybeau,l-nybeau,2026-04-05T14:45:54.710005,2026-04-05T14:45:54.710005
12af5771-6645-4093-a4c7-c7665e0ec60e,Avander,avander,2026-04-05T14:45:54.710005,2026-04-05T14:45:54.710005
89b5217f-b7fe-4a70-8d56-02f4643947a1,Arumtown,arumtown,2026-04-05T14:45:54.710005,2026-04-05T14:45:54.710005
598e421b-e22d-4f0a-b3c0-6fbaebb3ea11,Pekah,pekah,2026-04-05T14:45:54.710005,2026-04-05T14:45:54.710005
856b4e01-e3b4-49d2-b24a-22370e475023,Rainbow L’affair,rainbow-l-affair,2026-04-05T14:45:54.710005,2026-04-05T14:45:54.710005
4a4f3cdd-1be2-4446-b4d3-6e1d902d8a88,Acnes,acnes,2026-04-05T14:45:54.710005,2026-04-05T14:45:54.710005
8e965464-403d-4993-9b4b-a365ece3d578,Petit Cochon,petit-cochon,2026-04-05T14:45:54.710005,2026-04-05T14:45:54.710005
fe48f49a-bb05-408e-9150-daecca593c3f,Melano CC,melano-cc,2026-04-05T14:45:54.710005,2026-04-05T14:45:54.710005
40bb1b32-63e0-4497-832c-698721a67b0a,S:kin Heritage,s-kin-heritage,2026-04-05T14:45:54.710005,2026-04-05T14:45:54.710005
0ef12120-b6e9-48e8-ab46-9c63c02abf68,Curél,cur-l,2026-04-05T14:45:54.710005,2026-04-05T14:45:54.710005
9fa5c696-3de6-47d1-800f-cc8d29a6cd1b,Evoluderm,evoluderm,2026-04-05T14:45:54.710005,2026-04-05T14:45:54.710005
38684c95-84a3-4706-9d4f-af84d2e72db2,Lime,lime,2026-04-05T14:45:54.710005,2026-04-05T14:45:54.710005
5b780e7e-f9cd-442d-9bbc-1da0e22322ee,Aperire,aperire,2026-04-05T14:45:54.710005,2026-04-05T14:45:54.710005
9eee28fd-5430-4fa3-908d-dede16b49c18,Lemonade,lemonade,2026-04-05T14:45:54.710005,2026-04-05T14:45:54.710005
5688faeb-ccfc-41cd-bd0e-5958712e3ba8,The SAEM,the-saem,2026-04-05T14:45:54.710005,2026-04-05T14:45:54.710005
71a10e81-4863-4156-8d69-e61e15d9f710,Pramy,pramy,2026-04-05T14:45:54.710005,2026-04-05T14:45:54.710005
8fe284b2-05a0-48f1-89db-3cab6262c499,Too cool for school,too-cool-for-school,2026-04-05T14:45:54.710005,2026-04-05T14:45:54.710005
c901e59d-f877-44e9-8d55-bf90dff56a60,The Lab,the-lab,2026-04-05T14:45:54.710005,2026-04-05T14:45:54.710005
77e81f21-15d4-4879-b24e-d7ab84f92467,City Color,city-color,2026-04-05T14:45:54.710005,2026-04-05T14:45:54.710005
af68be02-148a-4a4a-81ce-7cf7576ebe53,Menow,menow,2026-04-05T14:45:54.710005,2026-04-05T14:45:54.710005
884c6398-c4ef-4ad9-a78d-aee489b259dd,Hexze,hexze,2026-04-05T14:45:54.710005,2026-04-05T14:45:54.710005
db256be2-0c9e-4e30-8c0c-ae7fcf199974,CeraVe,cerave,2026-04-05T14:45:54.710005,2026-04-05T14:45:54.710005
bfd9a3af-b468-4815-8a85-2482ad82b4fb,Simple,simple,2026-04-05T14:45:54.710005,2026-04-05T14:45:54.710005
7ad1fbee-8dcb-462c-85e0-6cd2a47d9893,Cetaphil,cetaphil,2026-04-05T14:45:54.710005,2026-04-05T14:45:54.710005
5c4257d3-c265-4d7b-a167-b0df87748145,SVR,svr,2026-04-05T14:45:54.710005,2026-04-05T14:45:54.710005
c86772c7-47a1-4957-9106-584a03b38eeb,La Roche-Posay,la-roche-posay,2026-04-05T14:45:54.710005,2026-04-05T14:45:54.710005
ccdbed50-f6c2-4e75-90b9-c86889aadeef,Hada Labo,hada-labo,2026-04-05T14:45:54.710005,2026-04-05T14:45:54.710005
18d508b3-1629-40b0-b056-a99f67345203,Eucerin,eucerin,2026-04-05T14:45:54.710005,2026-04-05T14:45:54.710005
e7785a93-fec1-4963-862c-e36621e2f010,TIA'M,tia-m,2026-04-05T14:45:54.710005,2026-04-05T14:45:54.710005
03b51fd9-f317-42e4-97d6-5df08a4a73ae,OXY,oxy,2026-04-05T14:45:54.710005,2026-04-05T14:45:54.710005
85cfe139-c604-43f8-8f20-b0aae3bafc14,Azderma,azderma,2026-04-05T14:45:54.710005,2026-04-05T14:45:54.710005
d37fb3bf-42a0-4b8f-b568-71cc436d2216,Decumar,decumar,2026-04-05T14:45:54.710005,2026-04-05T14:45:54.710005
76ef6d96-4188-4b16-9f3b-93ab58b3b143,Chinoshio,chinoshio,2026-04-05T14:45:54.710005,2026-04-05T14:45:54.710005
49ea8a39-53d4-4e86-a3ff-a821cafccf84,Hazeline,hazeline,2026-04-05T14:45:54.710005,2026-04-05T14:45:54.710005
1accf918-870e-429b-8c28-41d848b587d2,Garnier,garnier,2026-04-05T14:45:54.710005,2026-04-05T14:45:54.710005
ca02b1ed-11e5-445d-8b41-535eccf7ae8b,DrCeutics,drceutics,2026-04-05T14:45:54.710005,2026-04-05T14:45:54.710005
05342d41-7260-4538-b650-ba5c5154dd09,Compliment,compliment,2026-04-05T14:45:54.710005,2026-04-05T14:45:54.710005
af4abc01-0a20-42ce-9d99-f0e1c7565085,On: The Body,on-the-body,2026-04-05T14:45:54.710005,2026-04-05T14:45:54.710005
bee0714c-6f9a-4ae7-a341-4e7ffae43813,MEISHOKU,meishoku,2026-04-05T14:45:54.710005,2026-04-05T14:45:54.710005
67764e75-72b7-4585-9a49-acca3a855f13,dProgram,dprogram,2026-04-05T14:45:54.710005,2026-04-05T14:45:54.710005
4d47bbc7-e09f-4856-8aa8-c88c71f3fbc1,Neutrogena,neutrogena,2026-04-05T14:45:54.710005,2026-04-05T14:45:54.710005
ac0b2084-1a2e-44e3-a7df-de2cc5563abf,Obagi,obagi,2026-04-05T14:45:54.710005,2026-04-05T14:45:54.710005
068b21f5-10fe-45a3-bb55-d5262aa70db3,The Cafuné,the-cafun,2026-04-05T14:45:54.710005,2026-04-05T14:45:54.710005
696fd5cc-a02c-4ca1-8d3a-3d17f402f8c3,Embryolisse,embryolisse,2026-04-05T14:45:54.710005,2026-04-05T14:45:54.710005
a648ddd6-7cc5-4dc8-a23d-fcd58bf1a520,Dermablock,dermablock,2026-04-05T14:45:54.710005,2026-04-05T14:45:54.710005
e5d46541-959f-4d4d-ba48-2f227a108471,Lanbena,lanbena,2026-04-05T14:45:54.710005,2026-04-05T14:45:54.710005
05fca31f-3c59-4dd5-8c8a-f36f5554b0f3,Baby Bright,baby-bright,2026-04-05T14:45:54.710005,2026-04-05T14:45:54.710005
1cf0bf24-846c-4eae-85f7-370bb670d678,Mlen Diary,mlen-diary,2026-04-05T14:45:54.710005,2026-04-05T14:45:54.710005
77d678fc-003c-498b-bfd6-2b8f25138dfb,Miraculous,miraculous,2026-04-05T14:45:54.710005,2026-04-05T14:45:54.710005
4a3e7f97-94ca-4bbd-bbfd-15763575307d,Kissme,kissme,2026-04-05T14:45:54.710005,2026-04-05T14:45:54.710005
fd1ff8cb-43a3-4b46-8159-87f25cf87ae4,Browit,browit,2026-04-05T14:45:54.710005,2026-04-05T14:45:54.710005
47dc6feb-bdbf-4533-8d3a-d954fd465f6f,Neogen Dermalogy,neogen-dermalogy,2026-04-05T14:45:54.710005,2026-04-05T14:45:54.710005
dfdca67e-1108-4cb4-9835-dd9ef5d65fb2,TRESemmé,tresemm,2026-04-05T14:45:54.710005,2026-04-05T14:45:54.710005
69d3c94e-3332-4c68-8f6e-c0a8bf9d31e5,Nguyên Xuân,nguy-n-xu-n,2026-04-05T14:45:54.710005,2026-04-05T14:45:54.710005
b1fa231a-8f2b-4b22-bc4d-26272c9bf0e4,Tsubaki,tsubaki,2026-04-05T14:45:54.710005,2026-04-05T14:45:54.710005
9a9e0430-90e2-4d5a-b022-88674d083310,Selsun,selsun,2026-04-05T14:45:54.710005,2026-04-05T14:45:54.710005
29eca2e1-eabc-4436-9157-a0df7d38b6f5,OGX,ogx,2026-04-05T14:45:54.710005,2026-04-05T14:45:54.710005
a341206d-72e4-43ba-8d7d-f71b8d7ebd04,Palmolive,palmolive,2026-04-05T14:45:54.710005,2026-04-05T14:45:54.710005
43db8e83-cf69-455f-8a83-c0559489115c,Pantene,pantene,2026-04-05T14:45:54.710005,2026-04-05T14:45:54.710005
88ceee57-f765-4eda-a338-dd9c4923d7c3,Clear,clear,2026-04-05T14:45:54.710005,2026-04-05T14:45:54.710005
753a5f01-5dcb-4248-9c99-2989a54e6a35,Kumano,kumano,2026-04-05T14:45:54.710005,2026-04-05T14:45:54.710005
ccbda323-e0ac-4f7b-bf70-a886f6cd50d7,Dove,dove,2026-04-05T14:45:54.710005,2026-04-05T14:45:54.710005
51ac4f50-4973-4043-bb25-f1b9f42153e7,Purité By Prôvence,purit-by-pr-vence,2026-04-05T14:45:54.710005,2026-04-05T14:45:54.710005
fe7a8fba-d924-4bd6-9e79-18c809f3f345,Girlz Only,girlz-only,2026-04-05T14:45:54.710005,2026-04-05T14:45:54.710005
af98777a-2213-4e53-8b41-6cacf6a1a3ee,Spes,spes,2026-04-05T14:45:54.710005,2026-04-05T14:45:54.710005
bf06f852-8c65-4da0-aea4-27835a6e520d,Batiste,batiste,2026-04-05T14:45:54.710005,2026-04-05T14:45:54.710005
fa7d5a58-ea11-4b72-ae91-062d4eb50733,Diane,diane,2026-04-05T14:45:54.710005,2026-04-05T14:45:54.710005
5bfc487c-0a29-423a-8549-50a7512442e4,50 Megumi,50-megumi,2026-04-05T14:45:54.710005,2026-04-05T14:45:54.710005
b639df5e-9e28-4194-944e-c402b2c78529,Grace And Glow,grace-and-glow,2026-04-05T14:45:54.710005,2026-04-05T14:45:54.710005
7a44f9c9-dec3-41ca-823a-95ec8cae6bd7,L'Oreal Professionnel,l-oreal-professionnel,2026-04-05T14:45:54.710005,2026-04-05T14:45:54.710005
750146b2-404a-4c5e-a080-1bde2f5be421,Gennie,gennie,2026-04-05T14:45:54.710005,2026-04-05T14:45:54.710005
81032b3d-c5db-40bf-89c1-4ebf54a0e3ec,Dr.ForHair,dr-forhair,2026-04-05T14:45:54.710005,2026-04-05T14:45:54.710005
6ea382d7-e45e-4fa3-97ff-ada9c6941e7b,Himalaya Pink Salt,himalaya-pink-salt,2026-04-05T14:45:54.710005,2026-04-05T14:45:54.710005
46fdb758-5682-4b46-b5f8-6d3e142350df,Elastine,elastine,2026-04-05T14:45:54.710005,2026-04-05T14:45:54.710005
2a60dd68-e0dc-4b39-9042-ab8dce0b3a95,Sunsilk,sunsilk,2026-04-05T14:45:54.710005,2026-04-05T14:45:54.710005
253f276d-78db-45d6-ba74-20b157329d04,Rejoice,rejoice,2026-04-05T14:45:54.710005,2026-04-05T14:45:54.710005
878c928f-a4b5-4ecd-8993-26dabe7f0b15,Head & Shoulders,head-shoulders,2026-04-05T14:45:54.710005,2026-04-05T14:45:54.710005
5ecc6594-ac7d-452b-bf67-3bba65359997,Five Grains,five-grains,2026-04-05T14:45:54.710005,2026-04-05T14:45:54.710005
b6599090-3358-48be-bf34-92440a862848,Pigeon,pigeon,2026-04-05T14:45:54.710005,2026-04-05T14:45:54.710005
0dc20b62-1478-4d5e-bf55-8008ea1b3625,Ducray,ducray,2026-04-05T14:45:54.710005,2026-04-05T14:45:54.710005
b2f71d69-3133-4e5f-aed2-03ae10e22bab,Double Rich,double-rich,2026-04-05T14:45:54.710005,2026-04-05T14:45:54.710005
c7220a6f-216b-43f5-89d4-5c5fc077dc9a,Dr.Groot,dr-groot,2026-04-05T14:45:54.710005,2026-04-05T14:45:54.710005
a2eafb47-cc11-4660-892e-2936038ed812,Anessa,anessa,2026-04-05T14:45:54.710005,2026-04-05T14:45:54.710005
8927c867-dcb1-4997-9f7e-3c8ca91c8da2,Sunplay,sunplay,2026-04-05T14:45:54.710005,2026-04-05T14:45:54.710005
9cd6b76f-e705-43d3-988c-024498872f9a,Martiderm,martiderm,2026-04-05T14:45:54.710005,2026-04-05T14:45:54.710005
e76f5eb8-c4d1-4fd1-b69f-97f58b9e97be,Vichy,vichy,2026-04-05T14:45:54.710005,2026-04-05T14:45:54.710005
b8329f92-9f12-481c-b4ba-a0f6ba3529ac,Dr.G,dr-g,2026-04-05T14:45:54.710005,2026-04-05T14:45:54.710005
3e90c66f-0d05-40b8-bedd-b4cdcc91bf31,d'Alba,d-alba,2026-04-05T14:45:54.710005,2026-04-05T14:45:54.710005
63a795ee-21b3-4238-a6eb-1135e8216199,Cell Fusion C,cell-fusion-c,2026-04-05T14:45:54.710005,2026-04-05T14:45:54.710005
7780067c-b664-4ad9-935e-3ce3fc3a8597,Tenamyd,tenamyd,2026-04-05T14:45:54.710005,2026-04-05T14:45:54.710005
bff55ab4-ca1e-400d-8426-21da835228cd,Hatomugi,hatomugi,2026-04-05T14:45:54.710005,2026-04-05T14:45:54.710005
d1c558d0-bb3e-49d7-b9ff-731da71d8075,Cosrx,cosrx,2026-04-05T14:45:54.710005,2026-04-05T14:45:54.710005
2e1bc1ad-f923-474b-a274-1951be6eeefa,A-Derma,a-derma,2026-04-05T14:45:54.710005,2026-04-05T14:45:54.710005
a037d20d-e769-45d2-ba05-cddfdd0e7f12,Clinicos,clinicos,2026-04-05T14:45:54.710005,2026-04-05T14:45:54.710005
c60e65f4-050b-4009-9bf3-3423559c5aea,Paula's Choice,paula-s-choice,2026-04-05T14:45:54.710005,2026-04-05T14:45:54.710005
8606ec2e-dcc6-4c58-b397-be329ce55679,Avène,av-ne,2026-04-05T14:45:54.710005,2026-04-05T14:45:54.710005
bd3b1719-393e-43d1-a718-dc652b97a4e8,Heliocare,heliocare,2026-04-05T14:45:54.710005,2026-04-05T14:45:54.710005
8f1d101b-90fe-40fd-b4ea-511442be3221,Abib,abib,2026-04-05T14:45:54.710005,2026-04-05T14:45:54.710005
3adc1b57-97fc-4e9b-a49e-354bdf2a0657,Banana Boat,banana-boat,2026-04-05T14:45:54.710005,2026-04-05T14:45:54.710005
5c9a2aaa-5dc7-4cd2-8c9d-caf725945e53,Hyaestic,hyaestic,2026-04-05T14:45:54.710005,2026-04-05T14:45:54.710005
1ffe0bb3-0548-4853-aa99-2b9494fd55cc,Forencos,forencos,2026-04-05T14:45:54.710005,2026-04-05T14:45:54.710005
82712092-1c57-4200-8bbc-8d07133e452b,Chacott,chacott,2026-04-05T14:45:54.710005,2026-04-05T14:45:54.710005
51efa6ed-ebab-4d09-b2b8-0206bb11d69a,Eveline,eveline,2026-04-05T14:45:54.710005,2026-04-05T14:45:54.710005
b6ee8c45-b9ba-478c-9b2f-6753d55d6db6,Swiss Image,swiss-image,2026-04-05T14:45:54.710005,2026-04-05T14:45:54.710005
ae435a14-634d-4e6f-b945-8a8b987653df,Kosé,kos,2026-04-05T14:45:54.710005,2026-04-05T14:45:54.710005
c63df3cb-03cc-416e-a844-97d78ebfa2a7,oh!oh!,oh-oh,2026-04-05T14:45:54.710005,2026-04-05T14:45:54.710005
405b347c-e74d-40c3-9080-bf3c5129c25a,Ma:nyo,ma-nyo,2026-04-05T14:45:54.710005,2026-04-05T14:45:54.710005
76505772-4b04-4fa0-a479-bb65ea5ffb8c,Pond's,pond-s,2026-04-05T14:45:54.710005,2026-04-05T14:45:54.710005
bf0e0635-515c-469d-b632-000b72eb65ff,EcoWipes,ecowipes,2026-04-05T14:45:54.710005,2026-04-05T14:45:54.710005
25dfda1f-3d72-4289-bacd-e9fcf01a0a7e,Ya Samaya,ya-samaya,2026-04-05T14:45:54.710005,2026-04-05T14:45:54.710005
c88185ba-88e0-42af-a579-88c685e7d582,Vegick,vegick,2026-04-05T14:45:54.710005,2026-04-05T14:45:54.710005
dfaa06ad-4e1d-418b-b49e-a48c1132c194,Frankly,frankly,2026-04-05T14:45:54.710005,2026-04-05T14:45:54.710005
cc830369-7bd6-473f-b35e-1361bcd3c386,S.O.B,s-o-b,2026-04-05T14:45:54.710005,2026-04-05T14:45:54.710005
b70e7537-221d-44f0-8ef4-8da15b587271,Momopuri,momopuri,2026-04-05T14:45:54.710005,2026-04-05T14:45:54.710005
3db627f7-2a8a-4970-a7fd-68d1a847a3a7,S.O.N,s-o-n,2026-04-05T14:45:54.710005,2026-04-05T14:45:54.710005
b14cbb14-cd18-4dcb-9616-611710cdb0d5,Nerman,nerman,2026-04-05T14:45:54.710005,2026-04-05T14:45:54.710005
acf02b1b-61e9-4d57-9d1c-42ef06cc8aac,Lifebuoy,lifebuoy,2026-04-05T14:45:54.710005,2026-04-05T14:45:54.710005
68f02fab-7f18-42f6-b41b-6a24af360715,St.Ives,st-ives,2026-04-05T14:45:54.710005,2026-04-05T14:45:54.710005
ad43eaec-3186-4e5a-bcea-c6d804bf32d0,Neoskin,neoskin,2026-04-05T14:45:54.710005,2026-04-05T14:45:54.710005
46f7290d-7bc9-4692-a082-95e361b57478,Old Spice,old-spice,2026-04-05T14:45:54.710005,2026-04-05T14:45:54.710005
c29e2734-db3d-4834-8012-59859b5c1cf6,Tesori d'Oriente,tesori-d-oriente,2026-04-05T14:45:54.710005,2026-04-05T14:45:54.710005
f95fda68-803e-41fd-b775-3ecc2557d084,Olay,olay,2026-04-05T14:45:54.710005,2026-04-05T14:45:54.710005
c0efc2e4-965f-4fa4-b4fd-78b79b63a690,Enchanteur,enchanteur,2026-04-05T14:45:54.710005,2026-04-05T14:45:54.710005
e8847eb2-9f1f-48f6-b638-f91b4b57ff0c,LUX,lux,2026-04-05T14:45:54.710005,2026-04-05T14:45:54.710005
50079f24-19a6-441b-a819-6d95073d7af3,Johnson's,johnson-s,2026-04-05T14:45:54.710005,2026-04-05T14:45:54.710005
fb978171-a5a6-4a82-b32d-82c1b3cb7bb5,Coast,coast,2026-04-05T14:45:54.710005,2026-04-05T14:45:54.710005
06632944-819a-4a6d-a251-461c3c8a26ee,Gota,gota,2026-04-05T14:45:54.710005,2026-04-05T14:45:54.710005
2346ba13-0be5-452a-829c-ec57d8836156,Sachi,sachi,2026-04-05T14:45:54.710005,2026-04-05T14:45:54.710005
e1c1630a-1d2d-462a-805d-3a21ee080115,Corine de Farme,corine-de-farme,2026-04-05T14:45:54.710005,2026-04-05T14:45:54.710005
4cd7f2d3-23f5-47ee-9094-e8efc35967fd,Daiichi Sekken,daiichi-sekken,2026-04-05T14:45:54.710005,2026-04-05T14:45:54.710005
cf2bb1dc-4248-46a4-8eff-d9217d7f1249,Aveeno,aveeno,2026-04-05T14:45:54.710005,2026-04-05T14:45:54.710005
7894c94d-f993-492e-ae4c-11b35a676488,HASI,hasi,2026-04-05T14:45:54.710005,2026-04-05T14:45:54.710005
928d0fa3-df27-447a-aac9-6b00d7c30627,Neothera,neothera,2026-04-05T14:45:54.710005,2026-04-05T14:45:54.710005
61ff44fc-01bd-47b2-ae58-9ab37adfc32b,Bio-Oil,bio-oil,2026-04-05T14:45:54.710005,2026-04-05T14:45:54.710005
516d110f-0ea6-4b32-b1ee-e25756ddd327,Bielenda,bielenda,2026-04-05T14:45:54.710005,2026-04-05T14:45:54.710005
73a76bae-2836-4139-8889-8abe99cfdcfc,White Conc,white-conc,2026-04-05T14:45:54.710005,2026-04-05T14:45:54.710005
0af77c1f-4f75-4452-a7bf-ba15b54080b6,GlowCode,glowcode,2026-04-05T14:45:54.710005,2026-04-05T14:45:54.710005
48dc0845-1512-4ba1-a236-564b1a297ae0,Kiss My Body,kiss-my-body,2026-04-05T14:45:54.710005,2026-04-05T14:45:54.710005
ef8e22ea-f309-443f-b23c-c930afe38cd3,Cléo,cl-o,2026-04-05T14:45:54.710005,2026-04-05T14:45:54.710005
ac4479f7-bc7f-45af-9857-39ce28cbe46e,Kutieskin,kutieskin,2026-04-05T14:45:54.710005,2026-04-05T14:45:54.710005
13f28419-3afc-4052-b447-ff089f28f24b,De Memoria,de-memoria,2026-04-05T14:45:54.710005,2026-04-05T14:45:54.710005
41e0c0f7-8f19-4a7b-8150-09de2eefe4bf,Happy Event,happy-event,2026-04-05T14:45:54.710005,2026-04-05T14:45:54.710005
5e2f09e5-32ed-4a2d-9370-3dfe9eac791b,Beauty Buffet,beauty-buffet,2026-04-05T14:45:54.710005,2026-04-05T14:45:54.710005
b2b09391-c1ed-4519-b0a5-7be7fdb20ef1,Felina,felina,2026-04-05T14:45:54.710005,2026-04-05T14:45:54.710005
d40332ce-3ba4-45c1-b220-e98c70ecd46a,Secret Key,secret-key,2026-04-05T14:45:54.710005,2026-04-05T14:45:54.710005
39d470a4-246c-4dde-9457-8982ddaaec48,Angel's Liquid,angel-s-liquid,2026-04-05T14:45:54.710005,2026-04-05T14:45:54.710005
dc93ff71-cf88-49da-9799-da3c2f236767,Armaf,armaf,2026-04-05T14:45:54.710005,2026-04-05T14:45:54.710005
040d88ab-87bf-45c9-8b9a-26c25d4b0919,Laura Anne,laura-anne,2026-04-05T14:45:54.710005,2026-04-05T14:45:54.710005
5d2c623f-b119-4f64-b013-506c49f5a183,Narciso Rodriguez,narciso-rodriguez,2026-04-05T14:45:54.710005,2026-04-05T14:45:54.710005
cc38bf78-19bb-4355-b973-7cf6727e4bbc,Tommy Hilfiger,tommy-hilfiger,2026-04-05T14:45:54.710005,2026-04-05T14:45:54.710005
f47ac889-c689-4420-bc4e-ae4dd071265b,Issey Miyake,issey-miyake,2026-04-05T14:45:54.710005,2026-04-05T14:45:54.710005
4c5d15bc-fcbe-45dc-b203-51c25a4d9c2b,Burberry,burberry,2026-04-05T14:45:54.710005,2026-04-05T14:45:54.710005
ea6f1f97-ab59-4347-8ab2-cb210e2a42ff,Foellie,foellie,2026-04-05T14:45:54.710005,2026-04-05T14:45:54.710005
1ede09d0-e533-4714-8f8c-5e9572518da2,Marc Jacobs,marc-jacobs,2026-04-05T14:45:54.710005,2026-04-05T14:45:54.710005
b1c9dc0f-50ba-4352-83e3-735abe3ec367,Dolce & Gabbana,dolce-gabbana,2026-04-05T14:45:54.710005,2026-04-05T14:45:54.710005
ae43a246-7ea8-4e7d-aa36-d04581c2aa96,Chloé,chlo,2026-04-05T14:45:54.710005,2026-04-05T14:45:54.710005
33f2c13b-4dc4-44f1-b3fa-2eb4d1a5a11e,Coach,coach,2026-04-05T14:45:54.710005,2026-04-05T14:45:54.710005
48201cf2-929e-427f-8649-68a4fef78d45,Jimmy Choo,jimmy-choo,2026-04-05T14:45:54.710005,2026-04-05T14:45:54.710005
90498d1a-699c-4a2c-91d7-ec60f8619800,Yves Saint Laurent,yves-saint-laurent,2026-04-05T14:45:54.710005,2026-04-05T14:45:54.710005
686e7fed-7e0d-47ea-8ee7-87b9ac078683,Panier Des Sens,panier-des-sens,2026-04-05T14:45:54.710005,2026-04-05T14:45:54.710005
2701cf09-5187-439c-a4a3-1a6daca3d1b7,Lancôme,lanc-me,2026-04-05T14:45:54.710005,2026-04-05T14:45:54.710005
e8254577-9a14-4c39-b29f-c38ed2541c04,Versace,versace,2026-04-05T14:45:54.710005,2026-04-05T14:45:54.710005
71f436fb-9241-484b-b893-95a37c1f4c25,Lacoste,lacoste,2026-04-05T14:45:54.710005,2026-04-05T14:45:54.710005
8e8fbd4c-625a-403c-ab8c-bc41636b8634,Montblanc,montblanc,2026-04-05T14:45:54.710005,2026-04-05T14:45:54.710005
009cd79f-5fac-4c93-b004-63409cd23362,Calvin Klein,calvin-klein,2026-04-05T14:45:54.710005,2026-04-05T14:45:54.710005
1bdcc35b-16ff-4f32-980c-e1bfe086656e,Moschino,moschino,2026-04-05T14:45:54.710005,2026-04-05T14:45:54.710005
035c421e-8f6b-42e8-91d6-74b452b4f636,Marvis,marvis,2026-04-05T14:45:54.710005,2026-04-05T14:45:54.710005
52e58370-c9d9-4bf0-aa34-6b394c251690,Median,median,2026-04-05T14:45:54.710005,2026-04-05T14:45:54.710005
86403dba-142b-451a-8a62-1573bbcde188,P/S,p-s,2026-04-05T14:45:54.710005,2026-04-05T14:45:54.710005
812b8353-792b-4f18-8509-b71ea11c1ee3,Sensodyne,sensodyne,2026-04-05T14:45:54.710005,2026-04-05T14:45:54.710005
006cb92d-06bc-47d9-a904-c5c249150a3f,Havatek,havatek,2026-04-05T14:45:54.710005,2026-04-05T14:45:54.710005
c4b8b67e-1cf4-4308-bb0e-2616cb43638b,Listerine,listerine,2026-04-05T14:45:54.710005,2026-04-05T14:45:54.710005
58c4ee40-8c7e-4b10-994f-2159f93ed02e,Crest,crest,2026-04-05T14:45:54.710005,2026-04-05T14:45:54.710005
bd4d50dc-c7d4-4b53-8ebe-8a3b86961438,Celio,celio,2026-04-05T14:45:54.710005,2026-04-05T14:45:54.710005
0e33d16f-eaf5-4da7-a142-0f4679ccbb6d,Propolinse,propolinse,2026-04-05T14:45:54.710005,2026-04-05T14:45:54.710005
e353d0b9-a4ad-4def-a2a4-f8f68535523c,Eucryl,eucryl,2026-04-05T14:45:54.710005,2026-04-05T14:45:54.710005
93319b62-1ae5-4eba-97fa-3ace0d2fb7ae,Closeup,closeup,2026-04-05T14:45:54.710005,2026-04-05T14:45:54.710005
38a9a399-4543-470b-a97a-ddf5848bec54,Colgate,colgate,2026-04-05T14:45:54.710005,2026-04-05T14:45:54.710005
15cc87d6-73c7-436b-8b8c-a6414a0aab1b,Okamura,okamura,2026-04-05T14:45:54.710005,2026-04-05T14:45:54.710005
478a8033-f3a4-4eed-a0cc-227ade8b0254,Dental Clinic 2080,dental-clinic-2080,2026-04-05T14:45:54.710005,2026-04-05T14:45:54.710005
7a908f9f-7112-4c93-973d-b481f759e7ac,Pororo,pororo,2026-04-05T14:45:54.710005,2026-04-05T14:45:54.710005
076074ec-5f64-4065-b979-964ced87cef8,Wolf On,wolf-on,2026-04-05T14:45:54.710005,2026-04-05T14:45:54.710005
db043c2d-171b-40bf-8283-96c54964dfd1,Jomi,jomi,2026-04-05T14:45:54.710005,2026-04-05T14:45:54.710005
1e2dc081-d50f-44f5-948f-5f5925206532,Bamboo Salt,bamboo-salt,2026-04-05T14:45:54.710005,2026-04-05T14:45:54.710005
966bb291-4d74-49fa-9e5f-95b2d119f0ce,Perioe,perioe,2026-04-05T14:45:54.710005,2026-04-05T14:45:54.710005
5bc2f6a1-006a-4c9c-b6a9-4f023d02b5f9,Oral-B,oral-b,2026-04-05T14:45:54.710005,2026-04-05T14:45:54.710005
760074ea-2c79-4cda-bfcb-ca5e4d9abd52,Fino,fino,2026-04-05T14:45:54.710005,2026-04-05T14:45:54.710005
06a8dfd0-d16c-4bd4-a28f-fea62c860800,Raip,raip,2026-04-05T14:45:54.710005,2026-04-05T14:45:54.710005
487a1d7f-6674-4ed9-aa1b-b7a3cce8e8a0,Ellips,ellips,2026-04-05T14:45:54.710005,2026-04-05T14:45:54.710005
ae8f8817-248a-4069-ac08-d992e8785924,Mise en scène,mise-en-sc-ne,2026-04-05T14:45:54.710005,2026-04-05T14:45:54.710005
835c4a76-79af-4951-b4ea-36d5a99f1bcc,Menitems,menitems,2026-04-05T14:45:54.710005,2026-04-05T14:45:54.710005
1a63a158-622b-4837-a587-02e9e8b5bfb1,Unknown_Brand,unknown-brand,2026-04-05T14:45:54.710005,2026-04-05T14:45:54.710005
28aa4734-5d5e-4bdb-90f8-a6701181383d,Weilaiya,weilaiya,2026-04-05T14:45:54.710005,2026-04-05T14:45:54.710005
