id,name,slug,logoId,bannerId,createdAt,updatedAt
71654c89-71cf-4ad7-a763-98a4c7ab61fe,3CE,3ce-e254,a0ee2622-44b7-475d-9b4e-784b53e2ab6b,f9cfcae2-3d45-495d-a633-f527cd05c371,2026-04-06T04:03:23.372398,2026-04-06T04:03:23.372398
57d583c4-9b07-4031-8297-a806133153eb,DHC,dhc-27ec,1f39d387-95e3-4697-a9b7-64b82a4b19b4,690837af-69c3-4816-88cb-bcb976111fd2,2026-04-06T04:03:23.372398,2026-04-06T04:03:23.372398
53748bcc-563a-473c-a9b3-71f0b471a1b2,Mastige,mastige-1064,2ea096b0-532c-4528-809a-80c8307e88a2,ee23a682-09f3-4f2b-922b-696ad3daf21a,2026-04-06T04:03:23.372398,2026-04-06T04:03:23.372398
f292c72d-d69d-4613-ae6a-e087fb08de5f,Banila Co,banila-co-e2dd,a3c06bad-5329-4ac7-ac48-270e9dc9df87,e9ef3e9c-c765-4347-b335-ef09f1b34343,2026-04-06T04:03:23.372398,2026-04-06T04:03:23.372398
d97e51ff-6e4f-41d9-9996-7881b8ce4e23,Vaseline,vaseline-77f2,998b935a-0dd6-4e53-a1cd-b4898d9f8c23,628f6db4-c50e-4771-92f3-f8349d7d401f,2026-04-06T04:03:23.372398,2026-04-06T04:03:23.372398
5890d5a9-e9d7-4dd6-ac4d-0aef85255225,Maybelline,maybelline-82c7,95cf3590-c445-43fd-80dd-68ea57848403,7f2504bd-fcc4-451c-ac20-f3f225583a38,2026-04-06T04:03:23.372398,2026-04-06T04:03:23.372398
df92323f-7dc4-4657-b62d-956eb2bda5c4,Black Rouge,black-rouge-670c,,,2026-04-06T04:03:23.372398,2026-04-06T04:03:23.372398
2e8daa2f-c3f7-486c-8c44-50bc2f48a272,Torriden,torriden-32e2,7eaa13b2-f3dc-4543-b472-5097edc3de62,8dffb6e6-ea7a-4749-ab67-a74f26ca1446,2026-04-06T04:03:23.372398,2026-04-06T04:03:23.372398
dbd4c422-998c-441c-a8b7-db8811f90231,Mediheal,mediheal-2ed9,48a6e5e0-8d8e-417e-ad68-7f153757ebf0,051a2805-9ded-46c8-b823-3217f7279cb4,2026-04-06T04:03:23.372398,2026-04-06T04:03:23.372398
24e111a0-0e2b-498d-812f-dd54c0abf84a,Pure Paw Paw,pure-paw-paw-b0bc,,,2026-04-06T04:03:23.372398,2026-04-06T04:03:23.372398
4063d32b-7a8f-4efb-9858-eb3e185716b8,Laneige,laneige-6e6a,a8c239a4-4359-4b8b-b5b2-8f5d2841f8c1,a1a67a5e-6a04-431c-a545-2804470c9e75,2026-04-06T04:03:23.372398,2026-04-06T04:03:23.372398
eadb3105-428e-4256-a1d1-7c42cfcbb260,Cocoon,cocoon-a701,,,2026-04-06T04:03:23.372398,2026-04-06T04:03:23.372398
f3e6d963-f2e2-4842-855a-7a57d7e0cbcf,BYS,bys-a6b4,e31be25f-dc01-4b4e-861d-85325ee0a1c1,62c6cfcd-6f30-46b7-ad19-539f647ff153,2026-04-06T04:03:23.372398,2026-04-06T04:03:23.372398
ddc6bc71-a371-44f1-86ea-5990157d2e17,Naris Cosmetics,naris-cosmetics-2016,a70a1baf-e1f1-45d8-8b5a-622ea5da3094,8dc01dbf-90b2-429e-8911-6a7f453df575,2026-04-06T04:03:23.372398,2026-04-06T04:03:23.372398
0332b7e9-ad8d-4186-b0de-2fd3099c0346,Judydoll,judydoll-d602,d7db66a1-07df-412e-b5ce-fb4a67d5b4f7,044a3b55-aed2-4f81-84c2-459c32728e8b,2026-04-06T04:03:23.372398,2026-04-06T04:03:23.372398
45b4f05f-1aaf-4aa3-83ae-f0f4138e1cc0,B.O.M,bom-b03c,9959b315-28cd-400c-a1c7-2c04760351d9,e863c9af-c21c-422c-bf42-9c6fe3b30c1a,2026-04-06T04:03:23.372398,2026-04-06T04:03:23.372398
b64bee7b-1545-4e8a-9a70-c66e24045c3d,Silkygirl,silkygirl-4193,,,2026-04-06T04:03:23.372398,2026-04-06T04:03:23.372398
aabe5ef8-d9cf-4745-93df-109be0b1c5b7,Into You,into-you-a9c5,22fb4b5e-ec2a-45de-83bd-fa8459b9c8f2,70ebd0fb-4aef-4841-9368-045394b1bbc2,2026-04-06T04:03:23.372398,2026-04-06T04:03:23.372398
d73bab9e-0fff-49a8-87e4-6d445183a8cb,LipIce,lipice-e8b9,,,2026-04-06T04:03:23.372398,2026-04-06T04:03:23.372398
a6a75211-2cb0-48f5-a6c8-43802bb3c489,Cezanne,cezanne-6c48,,,2026-04-06T04:03:23.372398,2026-04-06T04:03:23.372398
036d0930-d7a0-4d34-8f51-74a535df1b36,australis,australis-6bbe,,,2026-04-06T04:03:23.372398,2026-04-06T04:03:23.372398
3bcf101c-ec6d-4f0f-b9ab-3e2f073b1999,Milaganics,milaganics-580d,,,2026-04-06T04:03:23.372398,2026-04-06T04:03:23.372398
329c1b9f-6ad3-4dcc-9c73-3af416e84897,Nookoi,nookoi-7348,417ff5bf-6e00-4563-ace9-2754274446e7,8b5f8a2b-b0a5-4a25-bd81-34f48d57fd17,2026-04-06T04:03:23.372398,2026-04-06T04:03:23.372398
0d02845b-94d2-4b1b-ac46-257f0831f933,Joocyee,joocyee-1357,c3203fb6-576d-4adf-a19c-fa96802dce12,40873b82-3b31-40a0-b250-d12adb3ad6e1,2026-04-06T04:03:23.372398,2026-04-06T04:03:23.372398
cf3e6a57-1dbf-46b0-9be0-6fac47947aa0,L'Oreal,loreal-e121,3e0ffa1a-cc97-4433-b83e-08ea8c643136,0050487e-8dd0-41c7-8d94-5a8e603c9d60,2026-04-06T04:03:23.372398,2026-04-06T04:03:23.372398
f1ba69b0-84b1-47ec-a142-196487aecaef,Carslan,carslan-9873,65fd6369-a4d1-420c-8b9d-4f114ad85630,ec67465a-b6d3-4901-a75b-28380262b32c,2026-04-06T04:03:23.372398,2026-04-06T04:03:23.372398
d28bd310-2ec4-47d0-a674-6c4f1c862572,Nuxe,nuxe-43b3,,,2026-04-06T04:03:23.372398,2026-04-06T04:03:23.372398
251b105c-7569-4eff-8fd5-a03456bb9314,Flawsome,flawsome-225f,740d9eb4-0160-4ecb-8336-5c82c60cabd4,486ded8e-1385-4465-9ff4-6d71d548a1cd,2026-04-06T04:03:23.372398,2026-04-06T04:03:23.372398
3d25739b-24f8-44b4-abf9-8747780216b7,Lipstician,lipstician-c898,,,2026-04-06T04:03:23.372398,2026-04-06T04:03:23.372398
642694c7-9cd9-41cb-af85-24a0d845e11b,Nivea,nivea-b20f,7c43ebee-76b3-4b36-800d-ff5805b1bbf7,d1367664-c4dc-44b2-b4bd-753e7f763fa7,2026-04-06T04:03:23.372398,2026-04-06T04:03:23.372398
fad87e24-b913-4a66-8574-5fcc573ff2af,BareSoul,baresoul-e4f6,1ad8786e-cc14-4fcf-8160-f189c2117ca5,70340a42-66b8-41ec-9696-375feb6875de,2026-04-06T04:03:23.372398,2026-04-06T04:03:23.372398
dc2bab0c-9e6d-4ac3-a1cc-32130d9b4f20,Glamrr Q,glamrr-q-e327,,,2026-04-06T04:03:23.372398,2026-04-06T04:03:23.372398
329fb82c-84fb-4d07-a5b0-0bcfd37fb075,Cathy Doll,cathy-doll-d81d,,,2026-04-06T04:03:23.372398,2026-04-06T04:03:23.372398
a6234c26-febb-46b4-b8ab-a15e23bb1957,Espoir,espoir-914b,86395a0e-0df4-403c-af1a-5e0f7e60e014,384a22cb-7add-4148-9527-0a2d44fc1b41,2026-04-06T04:03:23.372398,2026-04-06T04:03:23.372398
a0391b59-df37-4d55-9829-8cdd8e19d5d7,Colorkey,colorkey-ea10,,,2026-04-06T04:03:23.372398,2026-04-06T04:03:23.372398
16e1b5f7-9892-4175-82f5-bdfc4845391c,Horus,horus-12d7,0b4f6fbd-518a-4d7a-ae33-8b0a1486e38c,e2e1d279-29c1-49f4-b183-2f528d14c699,2026-04-06T04:03:23.372398,2026-04-06T04:03:23.372398
572d1439-a5b2-4c87-a144-a50f4917ebec,Vacosi,vacosi-485e,b9ae4dcd-a874-4e62-9974-f730c2cb4527,54c717c9-65a8-407d-acb4-914f45e1a072,2026-04-06T04:03:23.372398,2026-04-06T04:03:23.372398
11897eab-4379-4cf7-9baa-f957585a17bf,Bioderma,bioderma-aee7,acc0f27b-8693-4f09-be3e-f6e33c05693f,d45e2565-322d-4e56-b6fb-79c9b075ccd2,2026-04-06T04:03:23.372398,2026-04-06T04:03:23.372398
f11bc594-997e-45a8-8fe5-479756ceab06,Lilybyred,lilybyred-991d,,,2026-04-06T04:03:23.372398,2026-04-06T04:03:23.372398
b508dc19-f292-48a2-ab9e-8099fe69d9a2,Yosuaa,yosuaa-ac48,,,2026-04-06T04:03:23.372398,2026-04-06T04:03:23.372398
dafe893a-7417-458c-8443-3577a5d8e693,Caryophy,caryophy-69bf,f6247045-47e3-4ad1-81de-077f3dc658d6,c4c0a6ee-8d1e-417c-b487-904ce9540ab1,2026-04-06T04:03:23.372398,2026-04-06T04:03:23.372398
4d7beb5e-3a4c-47a8-bd0a-6887beaa20f8,WonJin,wonjin-2a6c,19c564da-1a94-40f9-90dc-05be18c450cd,aceacee9-ad0d-4baa-b509-3580638c460a,2026-04-06T04:03:23.372398,2026-04-06T04:03:23.372398
237915c5-d390-403f-9371-4b246fe2ab58,Banobagi,banobagi-254f,186d1e01-96ba-4f94-8a2d-47e7381e7e93,eab25e9c-27e4-433f-bf8f-8562887c9b25,2026-04-06T04:03:23.372398,2026-04-06T04:03:23.372398
e804f28f-be90-4525-911e-d52ddcc7c346,Emmié by Happy Skin,emmie-by-happy-skin-0d76,08b51a97-17b3-48e0-b006-b0691178b3d2,88301464-9569-488d-8bd1-cc1dae330a79,2026-04-06T04:03:23.372398,2026-04-06T04:03:23.372398
86d915b8-8eeb-47e3-99ec-5e9349661604,BNBG,bnbg-fa80,e17673ea-13c4-4908-9744-7b08a4108988,dbf5c297-05e9-402d-8ca2-990d06454340,2026-04-06T04:03:23.372398,2026-04-06T04:03:23.372398
ada8cc4e-f285-4d11-bcc0-fd44ec9e5760,Luvum,luvum-0e89,,,2026-04-06T04:03:23.372398,2026-04-06T04:03:23.372398
dc023095-5a2f-46c0-a936-acd175701e8f,Foodaholic,foodaholic-c5a9,7fd9bbf0-de81-4bad-bed2-66258bd6f46b,83445985-c1a3-4329-8188-347ecd7f4cbb,2026-04-06T04:03:23.372398,2026-04-06T04:03:23.372398
29570a81-6040-4205-ba27-882c08ed609e,Sur.Medic+,surmedic-005a,,,2026-04-06T04:03:23.372398,2026-04-06T04:03:23.372398
79394270-adfd-49e5-af96-167748587365,Purederm,purederm-1959,,,2026-04-06T04:03:23.372398,2026-04-06T04:03:23.372398
1b5213aa-3b71-4154-b1d5-7e90d1170c46,Bio-essence,bio-essence-87ce,646acb05-bf56-4c97-a93f-d67e37c4798c,bc4727c6-a4c1-42ac-8816-d1d0990b7c5d,2026-04-06T04:03:23.372398,2026-04-06T04:03:23.372398
bab13f47-0cad-48eb-afcb-85cebf71fbd4,Some By Mi,some-by-mi-8d93,,,2026-04-06T04:03:23.372398,2026-04-06T04:03:23.372398
c9b7fa92-eea3-42f2-90b9-4bc3f8d1dad6,Skin1004,skin1004-098c,,,2026-04-06T04:03:23.372398,2026-04-06T04:03:23.372398
9f4cc29b-38db-462b-a688-6ef9cb002bb0,Elixir,elixir-e66a,3f636c31-85d9-4506-a0c3-45d9c87887aa,73504ccb-8798-422c-ab95-d96a937815ff,2026-04-06T04:03:23.372398,2026-04-06T04:03:23.372398
6f7112f0-ce21-4e4a-b697-249b35a2c4e3,Care:Nel,carenel-76fe,4285dc86-baa7-4856-821e-05efecd2a80c,7308f7a8-685c-4297-9336-c04a3a2b6390,2026-04-06T04:03:23.372398,2026-04-06T04:03:23.372398
b05ef5bf-1c71-42ee-9819-6e0cd84cdba0,Sexylook,sexylook-5f07,5577b4e0-af89-4425-95c2-96327eaf586b,03bee8c0-39ac-4eac-9005-acec81c662a5,2026-04-06T04:03:23.372398,2026-04-06T04:03:23.372398
e0ea6475-641f-42d2-bd92-65053e2cb5ce,Beplain,beplain-34b6,c6ca0971-2b69-4729-9237-6afbd1f0537a,5569cd02-bebf-447b-9aab-0d86153e25ab,2026-04-06T04:03:23.372398,2026-04-06T04:03:23.372398
491e6c9c-2c7c-420f-b483-af1fb672b621,Naruko,naruko-a4c1,f3193812-abf2-41cd-ada2-5f8cdfafe27b,fa5589b0-4db9-44dd-b7f3-1b1592616b44,2026-04-06T04:03:23.372398,2026-04-06T04:03:23.372398
6a0d8deb-1b3a-4854-bf34-2f4b9c49b0d5,JMsolution,jmsolution-5c5a,ee27abb0-d175-4b9b-b59d-ab4b2124f5c4,08c8aa07-b45c-4bf1-9a34-4901cce8ec55,2026-04-06T04:03:23.372398,2026-04-06T04:03:23.372398
768d2000-4079-49f1-b27e-31b9d790f494,Freeplus,freeplus-85c9,0f1eabf2-3a25-412d-8fef-fb45c600f01e,7c870686-1b18-4a8c-9b47-29f2a1a84807,2026-04-06T04:03:23.372398,2026-04-06T04:03:23.372398
d4952884-91d8-4cf0-9243-cd322bf54527,Klairs,klairs-2012,5630b4ef-aa3b-4257-bf57-4ad08c57a417,995ebcc3-8668-4a14-a36c-e35e94dce73f,2026-04-06T04:03:23.372398,2026-04-06T04:03:23.372398
b3225d1a-fa26-47a9-8205-d70002a6c85b,Derladie,derladie-e4aa,1e869235-0be7-4390-88bc-4b5b449c0d90,875df78e-fc05-4544-848b-c838f471e129,2026-04-06T04:03:23.372398,2026-04-06T04:03:23.372398
a559e188-f634-4873-bad7-606ea993591c,I'm from,im-from-4a2e,6698a679-456d-4edc-a788-f207f74f332e,010e8b02-6a85-4e04-8601-66b0feecf143,2026-04-06T04:03:23.372398,2026-04-06T04:03:23.372398
44061416-3393-428d-a075-bc8cd7c14b35,Nature Republic,nature-republic-8797,dc3c4ae8-2cf8-43d7-882c-43bb233e4eb9,c9e62646-9a1a-4b8f-987e-76924bb54f65,2026-04-06T04:03:23.372398,2026-04-06T04:03:23.372398
abda8406-e0a4-44d8-a89c-d1455f652db0,Bioré,biore-e315,,,2026-04-06T04:03:23.372398,2026-04-06T04:03:23.372398
1795ed15-b7bc-4a46-b4a0-9f5278d0466a,Senka,senka-b6d5,757ad2c4-9731-4811-9f84-b818c9330664,e4ddf299-ddd6-4f87-a975-3b0cb99079d0,2026-04-06T04:03:23.372398,2026-04-06T04:03:23.372398
7aa3c4f0-6dec-480c-a49b-5e5f36262da6,Celefit,celefit-68a5,a8b2dc67-7c5d-4c03-9b01-8637a197f98d,a62c53ad-e544-44ea-8b88-616028c24659,2026-04-06T04:03:23.372398,2026-04-06T04:03:23.372398
846f129a-aabd-4069-901b-7876a170edff,Lebelage,lebelage-2cd8,,,2026-04-06T04:03:23.372398,2026-04-06T04:03:23.372398
860d5977-b865-469a-a47a-d9a7b7ca8d30,16plain,16plain-ba91,f683d960-2c65-436f-89be-1789a55c9769,7f10af1a-7b41-405a-a823-9ff16f92fa21,2026-04-06T04:03:23.372398,2026-04-06T04:03:23.372398
91153b67-e712-4de9-a21d-183a22c75941,Dermal,dermal-d6af,,,2026-04-06T04:03:23.372398,2026-04-06T04:03:23.372398
2f5f4055-fa86-48d8-b5ef-7b0dcce3ca52,Mayan,mayan-ea0c,f7746235-207e-424b-843a-b88deb21fc04,b0064fb9-c7a3-4382-8385-45b8adcab9a9,2026-04-06T04:03:23.372398,2026-04-06T04:03:23.372398
a3f42f33-6fa1-447f-b848-1749d89c1818,Lánybeau,lanybeau-8636,,,2026-04-06T04:03:23.372398,2026-04-06T04:03:23.372398
663307fe-d83a-4a93-92cb-cae485753be7,Avander,avander-8be0,,,2026-04-06T04:03:23.372398,2026-04-06T04:03:23.372398
3a544681-5ee5-41e3-bd6f-3012508d8337,Arumtown,arumtown-87a1,,,2026-04-06T04:03:23.372398,2026-04-06T04:03:23.372398
34d6fa24-22be-46dc-a514-b2bdac1690b0,Pekah,pekah-76eb,efed8dbd-e988-4012-a615-9cd37778b16d,63ff0c24-860b-4b04-96d1-aacbb06529cd,2026-04-06T04:03:23.372398,2026-04-06T04:03:23.372398
ed0b7594-220b-4198-aec7-c0c291e64352,Acnes,acnes-5e92,862829e8-54f2-4580-84d8-c5676b17d138,35f7fd74-982e-4fa6-9dc1-52417d7f1b6f,2026-04-06T04:03:23.372398,2026-04-06T04:03:23.372398
b605dc27-2b0c-4a33-82f7-84e3ab4a1907,Petit Cochon,petit-cochon-e663,,,2026-04-06T04:03:23.372398,2026-04-06T04:03:23.372398
07961165-1a35-4765-8e39-4620110200aa,Melano CC,melano-cc-e186,d3936533-1b8c-49cc-9ba9-1b84d4fb4931,62aba4cd-540c-45a7-a6e9-52a3b5b0d627,2026-04-06T04:03:23.372398,2026-04-06T04:03:23.372398
8faa9b34-fba4-495f-a5fb-349f705c0211,S:kin Heritage,skin-heritage-9b9e,0a807f5c-54a1-47c0-8e76-87e18ecc91e2,f47be5bc-b54b-4de1-a964-2dc901265807,2026-04-06T04:03:23.372398,2026-04-06T04:03:23.372398
d4abacbe-b5f3-43cd-acf1-a258a5bb4863,Curél,curel-fbe7,,,2026-04-06T04:03:23.372398,2026-04-06T04:03:23.372398
7e6a5449-50d2-4c4c-80dc-05e0f9dc26e7,Evoluderm,evoluderm-ef34,cc9989ea-82a2-408d-bd4d-5e02df65f8a7,75e6f670-0cb8-466c-8edc-0da1de78ce3d,2026-04-06T04:03:23.372398,2026-04-06T04:03:23.372398
cf1b9825-524a-41b6-b865-725df34cff7c,Lime,lime-569e,,,2026-04-06T04:03:23.372398,2026-04-06T04:03:23.372398
7c3ed31e-8e7a-4f5e-90f9-f23ac9b00ff6,Aperire,aperire-ca3a,df2d50c8-837d-4223-a03b-35e1e8263dc9,269cb769-34c5-4fdc-b384-b25972a3d4a4,2026-04-06T04:03:23.372398,2026-04-06T04:03:23.372398
9e1c5e3f-ea8d-4e9f-9c0e-b1165a807775,Lemonade,lemonade-a7e8,,,2026-04-06T04:03:23.372398,2026-04-06T04:03:23.372398
adac3eee-23fb-4fe3-aed3-d5e6e960b0b4,The SAEM,the-saem-b67d,47b7e30d-88e7-4cc8-a562-56d50c65b0b4,bad51516-11b3-46d3-bc6a-e3ffbe5e8702,2026-04-06T04:03:23.372398,2026-04-06T04:03:23.372398
ebbf9fd7-23b8-4d72-9818-1d41b08bc37a,Pramy,pramy-2304,,,2026-04-06T04:03:23.372398,2026-04-06T04:03:23.372398
140a52cd-3f56-4adf-af2f-641aef2ed42c,Too cool for school,too-cool-for-school-621c,dd21d43d-047c-4afd-86fb-3d668ffbee91,f6ccedfd-5d1c-4c20-8081-efa694b79b00,2026-04-06T04:03:23.372398,2026-04-06T04:03:23.372398
5c6ad68f-2389-4e1d-9c50-53c4dd53a354,The Lab,the-lab-401c,b3918d28-58b1-493d-af58-9d00e270d530,39ba8f00-ac1f-4ab1-8872-b4f6ef72b899,2026-04-06T04:03:23.372398,2026-04-06T04:03:23.372398
2669b65b-6dd2-4e0a-9905-c54d7d83d895,City Color,city-color-c76b,,,2026-04-06T04:03:23.372398,2026-04-06T04:03:23.372398
1604d44b-5e8a-46ad-9594-213d569a4b81,Menow,menow-bf0c,,,2026-04-06T04:03:23.372398,2026-04-06T04:03:23.372398
4c2748c7-2468-4e3b-82bc-d0833a505642,Hexze,hexze-15d4,096de29a-1fbe-4418-9db9-58e046e07f92,2632a5db-5cee-4658-af7f-80c3b346a591,2026-04-06T04:03:23.372398,2026-04-06T04:03:23.372398
d0bb3700-67a4-4371-baa1-86dfe8aabcc7,CeraVe,cerave-567e,d60c6bc0-5ed5-4504-9da6-0b2a246a5419,f9e64723-86b8-47d4-b890-ec64678a1747,2026-04-06T04:03:23.372398,2026-04-06T04:03:23.372398
a338b1ff-a8ca-4f0d-a957-31f124806a38,Simple,simple-f3a2,,,2026-04-06T04:03:23.372398,2026-04-06T04:03:23.372398
48e21edc-f953-451a-9b01-7896734c0ef8,Cetaphil,cetaphil-78e2,3776b3e9-6e1f-4b8d-b106-0bbff78cee42,a7a99f4e-6b37-439f-8b4d-659b13815b0b,2026-04-06T04:03:23.372398,2026-04-06T04:03:23.372398
8bdf3bc7-91d1-4d47-87e1-ef49856292e1,SVR,svr-c71c,77a70250-6ee1-4c91-8c65-1ed9a910feee,05eb2198-d98a-4186-be67-f8d070e7b029,2026-04-06T04:03:23.372398,2026-04-06T04:03:23.372398
b4cd4554-0b14-4c0f-bd8c-4e77615c20e1,La Roche-Posay,la-roche-posay-a3cb,921b16d2-50cd-4a71-8453-b39ef9b72cda,12aed044-10fa-4a10-af42-f0ddde5996d9,2026-04-06T04:03:23.372398,2026-04-06T04:03:23.372398
c2fe587a-225f-4c9d-adb7-d37ddaf19742,Hada Labo,hada-labo-2919,af36feef-ea95-48c7-9f97-9d625fff57aa,e2beb6e1-a8f8-4bd2-9d9d-43fd3bfd57ad,2026-04-06T04:03:23.372398,2026-04-06T04:03:23.372398
5556b26f-0236-4ac4-8e87-8c8dfc4dcd32,Eucerin,eucerin-7519,21b58df9-d9c9-4610-a341-e48e9eb9a262,47f02830-d679-4a4a-ba8d-920e61ef98f1,2026-04-06T04:03:23.372398,2026-04-06T04:03:23.372398
08e33e13-0481-4742-9e43-502475a18490,TIA'M,tiam-19a1,014acd53-cc66-4a54-ba47-ad1bd7548af2,e4960ee3-826b-4c67-bf3c-f1061a288857,2026-04-06T04:03:23.372398,2026-04-06T04:03:23.372398
b4836eff-796a-4427-8edb-980d92574f4d,OXY,oxy-3030,e7a276d1-c5ce-49d5-8ecb-121e8775b2d6,9ee971d0-2387-451f-a1c8-05bdd9e0e98d,2026-04-06T04:03:23.372398,2026-04-06T04:03:23.372398
9d5cde64-6326-46b0-8933-175bcffa6853,Azderma,azderma-7c50,,,2026-04-06T04:03:23.372398,2026-04-06T04:03:23.372398
237d8e7c-91d1-4abc-9f7e-50d3d1a22843,Decumar,decumar-8ae6,334aecbc-7818-474d-8457-8d1998bf9d3b,918597b8-4cb5-43a8-ad37-23be3992c861,2026-04-06T04:03:23.372398,2026-04-06T04:03:23.372398
95b0c466-57e8-4296-a9b3-c5a0f65a85cb,Chinoshio,chinoshio-2f93,2b414bcc-3374-457c-8179-a4c35af6758f,7bbf4116-ae3d-4759-b9f8-2fe2807fd9ac,2026-04-06T04:03:23.372398,2026-04-06T04:03:23.372398
b3b08580-99e7-4060-9811-f048d776647d,Garnier,garnier-810e,1ed89dc1-db18-4606-b779-ef7a5221318a,1fb6ac13-1bfe-4240-bc78-867d09a0ba55,2026-04-06T04:03:23.372398,2026-04-06T04:03:23.372398
dffeca83-53b3-4eab-a515-cbd3d678a986,DrCeutics,drceutics-9c58,,,2026-04-06T04:03:23.372398,2026-04-06T04:03:23.372398
e8d5717d-7111-4764-a294-f2fc7f3bb80f,Compliment,compliment-25ac,,,2026-04-06T04:03:23.372398,2026-04-06T04:03:23.372398
fafa6c90-b4b0-443a-85f1-9e4d2d666ffc,On: The Body,on-the-body-2148,2e0fd50f-0685-4e72-9010-6e3021c994cf,f2fe565d-738f-4d63-92df-90a7311516e0,2026-04-06T04:03:23.372398,2026-04-06T04:03:23.372398
7a38dc79-9a2e-491b-9852-1104dbf4ff77,MEISHOKU,meishoku-cecd,ef553989-e681-4840-b893-289f4e5a005b,5bc451a3-256f-4246-8513-bc3009533ce3,2026-04-06T04:03:23.372398,2026-04-06T04:03:23.372398
45a4f45c-2a7a-44aa-a66c-fcd3abeb411d,Neutrogena,neutrogena-05c2,5b7bcbda-bb8c-4088-a850-4e3b5542f601,aa384d96-2e35-446e-831b-7521151f0f72,2026-04-06T04:03:23.372398,2026-04-06T04:03:23.372398
445821ce-44b1-490a-b6d3-33a1750181de,Obagi,obagi-73de,fa0102dc-2b85-46df-bdde-a213c4a6a587,f574f477-483a-4394-b87d-82fe9764fcd5,2026-04-06T04:03:23.372398,2026-04-06T04:03:23.372398
9456d5aa-1251-4fd0-a8cc-d56afdc6878c,The Cafuné,the-cafune-79c7,432f5250-c271-4b69-a9ed-0e4386aaceeb,ada6cf76-f978-4dcc-ade1-94fc387d755f,2026-04-06T04:03:23.372398,2026-04-06T04:03:23.372398
6b9c9a65-c344-41cb-bba9-d4e5edc3afce,Embryolisse,embryolisse-28e7,5db88940-e3b9-479c-b890-fd563e576af2,af828c3b-fae7-4bc0-ba0e-78027bd44cd1,2026-04-06T04:03:23.372398,2026-04-06T04:03:23.372398
80afe043-e1f9-4e59-99b8-90ccb4d39afe,Dermablock,dermablock-975a,89428f9d-2260-4841-b00f-071385f6a069,6dfb3ddb-ce47-46c0-b4df-742f64238191,2026-04-06T04:03:23.372398,2026-04-06T04:03:23.372398
3364cf76-ca5d-424b-be20-842407d55068,Lanbena,lanbena-3a4c,64035c08-e342-4cc0-96c7-a3f750afe713,327f7978-1b83-41d9-b928-f1ac98d99207,2026-04-06T04:03:23.372398,2026-04-06T04:03:23.372398
71fd97fe-6178-45ed-8e03-03a3918d5442,Baby Bright,baby-bright-7729,e69c4ca2-689b-425b-8093-669653ae6f0f,805f32f6-f300-409a-882b-dc82dcbb3c1e,2026-04-06T04:03:23.372398,2026-04-06T04:03:23.372398
abfbce00-a343-4e87-8266-bff39182dc01,Kissme,kissme-d89d,be109049-afe8-4106-ae36-9f2f356087d2,04496652-94c8-41ed-85f3-51a3bea1c424,2026-04-06T04:03:23.372398,2026-04-06T04:03:23.372398
02c9a400-4108-4f53-a0f9-62cb4920d315,Browit,browit-425a,,,2026-04-06T04:03:23.372398,2026-04-06T04:03:23.372398
dff7e7dd-d9ad-4ed1-854b-b9e79833522c,Neogen Dermalogy,neogen-dermalogy-dda2,5e7f0737-e6c1-4fe0-a05a-958ac884edd2,bef94c0a-c92d-4985-abda-6ee78e0585bf,2026-04-06T04:03:23.372398,2026-04-06T04:03:23.372398
81f45525-e034-486f-9a2e-4eaeeb504c94,TRESemmé,tresemme-490c,62b258fc-e802-4f73-928a-9403262007c6,53da9a1a-53ab-4cf3-8407-581ba7a9c6c6,2026-04-06T04:03:23.372398,2026-04-06T04:03:23.372398
183f2a2d-ac9f-427f-82e2-bcd1f361b19a,Nguyên Xuân,nguyen-xuan-7f64,38909472-3da6-482b-8cba-ad2236600425,fe7600ad-bc71-49c9-9f80-dc61dd4a5355,2026-04-06T04:03:23.372398,2026-04-06T04:03:23.372398
63106fb3-a389-4c4e-bc7b-cdfa98eed4e1,Tsubaki,tsubaki-38c8,00c647cf-62ee-4a56-bb34-6637e5ad8abd,c65229d4-bb14-467f-99fd-02141b3c04d5,2026-04-06T04:03:23.372398,2026-04-06T04:03:23.372398
507815d0-c4e8-437f-9426-eed82fad67c1,Selsun,selsun-07dd,aecbbe24-8db3-436a-837e-9f12f1f3299a,6a3b3bf7-a6e3-4f22-a7a9-d660136e23ef,2026-04-06T04:03:23.372398,2026-04-06T04:03:23.372398
6d0094c8-aef3-4cee-81e4-529bc57050f1,OGX,ogx-b125,2f7b5f7c-09db-40a0-b3ac-976b1753b0d7,4d0a02cd-8144-44e1-91e3-4e85b0399aa0,2026-04-06T04:03:23.372398,2026-04-06T04:03:23.372398
99a33728-f79a-46b6-9c45-7d72199765c0,Palmolive,palmolive-4bde,bc26eb9b-1619-4f6d-ad44-f80bcb346db3,51bf5049-7ee0-42cc-8f38-59b09753a265,2026-04-06T04:03:23.372398,2026-04-06T04:03:23.372398
7cab5245-b07f-4d53-a22e-cea471587481,Pantene,pantene-bc3c,e515ea05-c546-4ed2-9c63-edefe6e4de46,78a86f37-1930-4506-a66e-4748715728e6,2026-04-06T04:03:23.372398,2026-04-06T04:03:23.372398
4f20adef-bd66-4cf6-83b3-6c3b8249ab0f,Clear,clear-33d9,,,2026-04-06T04:03:23.372398,2026-04-06T04:03:23.372398
385357a2-dd31-4841-990a-d70b45ffaab3,Kumano,kumano-d4b1,,,2026-04-06T04:03:23.372398,2026-04-06T04:03:23.372398
f6dd075b-822e-4935-9f87-64caa97d0c06,Dove,dove-94cb,0799e13f-6f0a-4a96-913a-91b29bf08060,5677076d-35c9-4926-8ea7-dfae5610974d,2026-04-06T04:03:23.372398,2026-04-06T04:03:23.372398
1a8e0737-7f0a-4593-8c90-a0c9a6adde2f,Purité By Prôvence,purite-by-provence-511b,,,2026-04-06T04:03:23.372398,2026-04-06T04:03:23.372398
ffd26e06-3f54-403d-9b3a-a730e1bca111,Girlz Only,girlz-only-6936,19b5ba52-40dd-4ee9-84c7-5dedaf0b51c7,86061fba-ccf5-4800-81b7-5dd365e5ea2b,2026-04-06T04:03:23.372398,2026-04-06T04:03:23.372398
02a014b1-feed-495f-ab1f-a368e2c3cbfb,Spes,spes-7877,,,2026-04-06T04:03:23.372398,2026-04-06T04:03:23.372398
3f2bf658-824a-444a-8701-468e55595916,Batiste,batiste-880e,,,2026-04-06T04:03:23.372398,2026-04-06T04:03:23.372398
b4ff05da-5582-4a3c-b7eb-e166d33d5aa7,Diane,diane-abfd,33837cfa-07f7-4412-8852-bb0c8322dcd5,94ed5ea0-5230-442d-9be7-20d3e90d7f6f,2026-04-06T04:03:23.372398,2026-04-06T04:03:23.372398
5670c9e4-8941-4e51-869c-592e6d3fd58e,50 Megumi,50-megumi-df6d,5f8461de-b2c6-4bd7-8b0b-bca388604892,623d7007-2dc3-4946-b48f-658ac473353e,2026-04-06T04:03:23.372398,2026-04-06T04:03:23.372398
bc4a70eb-2f65-408e-b6c1-179fd3a768e0,Grace And Glow,grace-and-glow-18ef,be983569-8529-47d9-88fd-7a4cdbddcdc5,df8f5e63-d567-4d81-8256-0e147325057d,2026-04-06T04:03:23.372398,2026-04-06T04:03:23.372398
86b28917-8331-4fab-8494-8899635dd4f8,L'Oreal Professionnel,loreal-professionnel-69f8,11fba56f-2b8c-48e5-bfc6-e3c0a3a56d81,91390c73-7a32-4438-a3dd-d7b0ab23c1f1,2026-04-06T04:03:23.372398,2026-04-06T04:03:23.372398
286aa8fa-e507-4e6a-b906-dbee875d4205,Gennie,gennie-11b1,b570c25e-1c9f-4c9e-b886-6a46b2ddd649,2d9a3575-8458-491f-938f-2fb98a70b909,2026-04-06T04:03:23.372398,2026-04-06T04:03:23.372398
e4075e7f-e741-42d8-8900-08b0c7bf4a62,Dr.ForHair,drforhair-4a79,,,2026-04-06T04:03:23.372398,2026-04-06T04:03:23.372398
a7d71432-2c46-4f7e-8b6f-52320d58b723,Himalaya Pink Salt,himalaya-pink-salt-a415,ee33b9bd-e69a-4761-bea2-54bc49d0534e,29468945-b793-4075-8b7e-13d8486fe42e,2026-04-06T04:03:23.372398,2026-04-06T04:03:23.372398
f283fe51-26a0-4c1a-b056-6f11b070c19f,Elastine,elastine-1361,4af04572-f62e-4795-9cb4-e7bf1a9d93c1,e5cfc2a5-c07f-4768-a19e-6b5026da6ca9,2026-04-06T04:03:23.372398,2026-04-06T04:03:23.372398
64e874d2-a1fe-431a-a1ee-c1c50288a995,Head & Shoulders,head-shoulders-10cf,57d26cfe-3c1f-42b1-ab39-da6b081f4646,74f8de43-8609-47b5-87be-7953a19dc501,2026-04-06T04:03:23.372398,2026-04-06T04:03:23.372398
9549fba3-4154-4004-8563-62726df9287f,Ducray,ducray-30bf,,,2026-04-06T04:03:23.372398,2026-04-06T04:03:23.372398
17bd336c-a4bd-4f20-a157-30cd531b6223,Double Rich,double-rich-48ed,b291abd2-045d-40fd-95b1-f4ab32244a9c,ef70a2a3-7054-4170-98b6-28d34c7ac845,2026-04-06T04:03:23.372398,2026-04-06T04:03:23.372398
e1dc6fe5-f28d-4654-a883-45fd1722b6db,Dr.Groot,drgroot-e91d,,,2026-04-06T04:03:23.372398,2026-04-06T04:03:23.372398
792d702d-e2d7-4b0f-be87-46d87c1ee927,Anessa,anessa-75dc,7b7d64f8-2de6-400b-82e0-2e88c3a0f535,c1901e32-83ee-41c9-bcbf-b4a69bb4eca3,2026-04-06T04:03:23.372398,2026-04-06T04:03:23.372398
dbe4e407-29e4-4fb5-83a9-138533e62032,Sunplay,sunplay-f04b,,,2026-04-06T04:03:23.372398,2026-04-06T04:03:23.372398
b14693d3-1e37-4622-8fba-d31f082b3c55,Martiderm,martiderm-8750,6b1f7cdf-ddff-40ea-a7a6-5da3460a273a,dca410a2-b030-4c54-a4ab-915e9be153d2,2026-04-06T04:03:23.372398,2026-04-06T04:03:23.372398
b50ce77a-67e2-4b87-826b-8a6e5eb46f18,Vichy,vichy-abf6,43e9d36d-2675-4ac3-8028-b4d742ef94c8,4d736bd7-d10d-4293-ab79-819f290da365,2026-04-06T04:03:23.372398,2026-04-06T04:03:23.372398
4f371a65-817b-47a1-94f6-98bd96f3e946,Dr.G,drg-b536,d321d094-cf0c-46e9-b2e1-b77bb63e384e,1c1b903e-97a2-482a-9d26-d4125dcf3e2a,2026-04-06T04:03:23.372398,2026-04-06T04:03:23.372398
0d2d9ddf-68e5-4663-8341-a36573bd0dd5,d'Alba,dalba-a9f5,,,2026-04-06T04:03:23.372398,2026-04-06T04:03:23.372398
bf2d1e5b-0d8d-4eeb-958f-7f4a082ebef6,Cell Fusion C,cell-fusion-c-ba19,01f87a9d-eaa4-4166-88ab-d381d9c61676,45bda92a-b1dc-4331-8cd7-63cd9194fda7,2026-04-06T04:03:23.372398,2026-04-06T04:03:23.372398
b73d9542-0191-4322-9ab5-1bc0f48f5f10,Tenamyd,tenamyd-95ea,59b1adb7-45cf-47a8-bd9f-1c9997a7d545,55f0593a-85c2-4877-995b-46941dbdc4e4,2026-04-06T04:03:23.372398,2026-04-06T04:03:23.372398
4ddea52f-04ff-4db7-bcbe-3c838a4d65aa,Hatomugi,hatomugi-2b3a,c010ec2e-adbb-4c35-85e1-514e9d511181,d48616f3-489d-4820-8648-94c7e4462626,2026-04-06T04:03:23.372398,2026-04-06T04:03:23.372398
4e02e3ec-2c73-46fb-8b4a-f1c18c5ae4f2,Cosrx,cosrx-cac0,,,2026-04-06T04:03:23.372398,2026-04-06T04:03:23.372398
3e7ef948-2af3-4125-bc46-0c0f6062494c,A-Derma,a-derma-371c,ece532af-0045-499e-a125-0b80fd49c5ba,232f084a-0dd9-4814-869b-0a3e9bd3cbd1,2026-04-06T04:03:23.372398,2026-04-06T04:03:23.372398
73931864-f08a-4fb2-9b27-a8f2ab42e8fe,Clinicos,clinicos-818d,,,2026-04-06T04:03:23.372398,2026-04-06T04:03:23.372398
81848a04-c35f-4be9-8a58-362f62853469,Avène,avene-5ee6,,,2026-04-06T04:03:23.372398,2026-04-06T04:03:23.372398
dddae468-16da-4de6-8c59-327d02900f0f,Heliocare,heliocare-e4f1,a60218b1-2dc3-4692-9b8c-790d4da79792,c86a380f-86e8-49a8-95a8-9f517f6460da,2026-04-06T04:03:23.372398,2026-04-06T04:03:23.372398
2b94ae16-8bee-4f26-bbd3-ff686cdbb382,Abib,abib-4e18,e7a1d84d-73a6-4dca-a401-bf0e8eb97f38,cd62886d-5426-48b1-a5c2-610f64f9a634,2026-04-06T04:03:23.372398,2026-04-06T04:03:23.372398
7032bae4-7013-4478-a4a9-7dade5c0e1d7,Banana Boat,banana-boat-f7ff,6f1926f4-2835-4750-9f7d-2694070823e5,e95a2171-1484-4d8a-9bc9-72bd2160e74d,2026-04-06T04:03:23.372398,2026-04-06T04:03:23.372398
89519bd2-4f3a-4e03-9bce-fc61c13565d0,Forencos,forencos-8fa1,d48cce53-94dd-4489-86b3-24edb26eb490,7603a29f-1fa5-4f6e-8036-ac8cc7212e43,2026-04-06T04:03:23.372398,2026-04-06T04:03:23.372398
1c2f0040-d1d5-4aea-bfc4-a4ba0a75c388,Chacott,chacott-50e1,cbdeefdf-6d47-47fd-afea-7612e666f962,69a4292d-d74b-4778-bc68-4c3db3b21d8f,2026-04-06T04:03:23.372398,2026-04-06T04:03:23.372398
b3fb07a6-6fe1-45ee-bd50-b5c2070d83ef,Eveline,eveline-03ba,fa3d9f83-2e5b-4c19-a38b-0975d64909d6,30c5e7e2-f175-432d-b3e4-d9e56865eee5,2026-04-06T04:03:23.372398,2026-04-06T04:03:23.372398
024f6623-7146-47a7-877f-0ace48ba2d20,Swiss Image,swiss-image-8e9c,,,2026-04-06T04:03:23.372398,2026-04-06T04:03:23.372398
45a10f75-9067-4ef5-9cc6-2fa739f7d604,Kosé,kose-8b3a,2052bff9-f62f-43bb-a7f0-d640795e2885,be8d0811-494c-4ea2-a7cd-49f5217ba79a,2026-04-06T04:03:23.372398,2026-04-06T04:03:23.372398
b10b7c25-c33f-411c-9409-c9e640ad386a,oh!oh!,ohoh-4881,e2434aa4-aeec-4be5-ba0d-9c3406dd000c,fcb54fc6-b941-4e85-9ac9-71004b2ec600,2026-04-06T04:03:23.372398,2026-04-06T04:03:23.372398
a1a0c57b-7ecf-4e4c-8cf5-c44ecd63383e,Ma:nyo,manyo-4bab,687b0042-3ecb-4915-a85c-be8ee9a2f3a3,a4e084d6-9084-41a0-9e26-143e1fe2af19,2026-04-06T04:03:23.372398,2026-04-06T04:03:23.372398
62bf59a7-5ebd-4d19-99f2-2d056ad19975,Pond's,ponds-656d,,,2026-04-06T04:03:23.372398,2026-04-06T04:03:23.372398
c6797976-1e0b-4c5b-9be1-2b9ed4037249,Ya Samaya,ya-samaya-df4a,768984b9-b770-44db-83b3-cecaebd44b86,8b6a51a6-55df-4f5e-8893-2b75e72918c7,2026-04-06T04:03:23.372398,2026-04-06T04:03:23.372398
911a2c01-acde-4f70-82f1-88f954757fad,Vegick,vegick-e935,,,2026-04-06T04:03:23.372398,2026-04-06T04:03:23.372398
df1bbeed-eb68-4ca9-a946-ff1667956e2e,Frankly,frankly-4016,ee1372bd-56bf-4293-8133-177ec8ac80e3,f365cbd4-36fe-484e-b4e3-c18c83d6eefe,2026-04-06T04:03:23.372398,2026-04-06T04:03:23.372398
8856a752-d177-4e28-9555-08cefaeb57b5,S.O.B,sob-ddb5,,,2026-04-06T04:03:23.372398,2026-04-06T04:03:23.372398
387d88df-4eea-4962-b1a2-9e0b9a81b374,Momopuri,momopuri-d1f7,,,2026-04-06T04:03:23.372398,2026-04-06T04:03:23.372398
114e9d99-df60-4547-b1de-644f2172d7d9,S.O.N,son-77fa,d2efd34b-b0bc-4f6b-bc6d-57fdedcae927,ec42721f-9fb8-425a-8714-d0be4092c818,2026-04-06T04:03:23.372398,2026-04-06T04:03:23.372398
7dd94f24-93c4-4fe3-a3c8-2a280a6ab3ab,St.Ives,stives-f234,,,2026-04-06T04:03:23.372398,2026-04-06T04:03:23.372398
8f523ec3-f06b-46fe-8602-c07696e45149,Old Spice,old-spice-c28f,0ef53c34-3c28-40c5-bfde-25d68d7304d3,917e2af3-2b9f-49d3-a737-dbef11eb2bf7,2026-04-06T04:03:23.372398,2026-04-06T04:03:23.372398
81d49ce0-6211-45cf-bdc4-a034bc3f2e11,Tesori d'Oriente,tesori-doriente-30b3,c6ccb09b-2cf0-4f54-a8f1-59b943e40ddf,74dd3a21-7712-48e7-8649-7a77947fafd0,2026-04-06T04:03:23.372398,2026-04-06T04:03:23.372398
57510f89-355f-40d9-b548-c4b36253e8b2,Olay,olay-09e5,d2c54939-42b0-4f27-80ce-801fadea47ff,bc87f3de-684b-4107-902b-bd94ee1694d5,2026-04-06T04:03:23.372398,2026-04-06T04:03:23.372398
f2ccc330-33da-480a-afa8-1b9a7ae7eabc,Enchanteur,enchanteur-55bf,5a561881-480d-460c-bbcc-d2c2855cbc4c,9f85ea4b-2ee4-4f6f-9687-69332ecf74ef,2026-04-06T04:03:23.372398,2026-04-06T04:03:23.372398
a7d5e10c-742d-4261-bc59-b342927a44b6,Johnson's,johnsons-36b1,75ebd42a-ae5e-49f9-ab84-da378564d5e2,b9911cf7-ab8a-4415-b881-93b1e4b9baac,2026-04-06T04:03:23.372398,2026-04-06T04:03:23.372398
3bdaa954-df3e-4949-9743-bccf3867a67b,Coast,coast-d371,,,2026-04-06T04:03:23.372398,2026-04-06T04:03:23.372398
e2e615e1-b598-4ebb-8119-a6d292ed0b05,Gota,gota-fdac,971b9243-7dd6-4ff7-a481-699c2a6a2d7f,a1f03b0c-b30a-4a95-8ed6-b1adc43b0b60,2026-04-06T04:03:23.372398,2026-04-06T04:03:23.372398
5ea5b414-732d-43e4-afec-dc78fc9fb7a3,Corine de Farme,corine-de-farme-b419,,,2026-04-06T04:03:23.372398,2026-04-06T04:03:23.372398
a39175cc-c8da-46de-8a4d-716455ed594e,Daiichi Sekken,daiichi-sekken-d41d,c4ba4101-c09e-4562-9fd1-46fb3ae4a212,8953eccb-6512-4a7f-8de0-0edbb6d4b740,2026-04-06T04:03:23.372398,2026-04-06T04:03:23.372398
e52cab00-81ad-446d-a2d3-6abe0680230b,Aveeno,aveeno-99d7,,,2026-04-06T04:03:23.372398,2026-04-06T04:03:23.372398
b4f8c718-dadf-492d-a58f-2927d9945542,HASI,hasi-e2fa,373eb069-c166-4449-8c86-e55cd3db49e3,94eb6105-2f29-4b75-9744-ecc37181eaa1,2026-04-06T04:03:23.372398,2026-04-06T04:03:23.372398
a8d39cbe-ae13-40c5-810d-c0c838a2a586,Neothera,neothera-caeb,5a17e7fd-9d5d-4532-afec-61a9fc75d66f,3d766ef2-9a6a-43a4-826e-d99978b0bff5,2026-04-06T04:03:23.372398,2026-04-06T04:03:23.372398
25a5ad80-b71a-478d-a28a-2a502d024e62,Bio-Oil,bio-oil-cb47,052ebaef-d30d-4fad-8a12-ca42f0e19325,c7c57852-f6e7-47c4-a23f-e4fcc8f5d978,2026-04-06T04:03:23.372398,2026-04-06T04:03:23.372398
c905c9d5-cbbe-4644-8a60-066915e5674b,Bielenda,bielenda-2bdb,aeaaff53-ce5d-4e16-8c39-fade4b4031dc,07f54f4e-ba8f-4038-9039-cced3d60c65b,2026-04-06T04:03:23.372398,2026-04-06T04:03:23.372398
4a9e75ec-aecc-4fb8-8d42-955ae2664d81,White Conc,white-conc-7374,13ef8b33-87a0-4ff3-a72a-9464d5d5f85d,b0ab3b6b-c6bb-41a6-9566-f7f58e90d44a,2026-04-06T04:03:23.372398,2026-04-06T04:03:23.372398
3db2f72e-b291-49d4-a1e7-adf97d80c4e1,GlowCode,glowcode-3f70,61ffcaea-616a-4d9e-b4d3-5ae2d0fc71ef,90da0e1a-592f-47cd-926b-ef608f60ac61,2026-04-06T04:03:23.372398,2026-04-06T04:03:23.372398
7721cbf4-bc88-4cde-8922-c3300648031c,Kiss My Body,kiss-my-body-9378,af9cd5d3-6b6a-412e-b398-761427aa79c8,bbc2f17f-7fae-4f0a-91b7-ef9b4dc201b4,2026-04-06T04:03:23.372398,2026-04-06T04:03:23.372398
f1ebe28e-1715-4b2a-99c6-8494e2e2f3a3,Cléo,cleo-062f,,,2026-04-06T04:03:23.372398,2026-04-06T04:03:23.372398
1d44e4fc-419f-4d06-8c52-3f08a92a533c,Kutieskin,kutieskin-cbcd,c917fcac-de69-4e9f-92b0-b84a6f7a1ce2,5570cbc1-9f66-4c7c-88f3-ec717cfeed2a,2026-04-06T04:03:23.372398,2026-04-06T04:03:23.372398
2b880730-e3a9-4664-aa47-2cef8858c808,Happy Event,happy-event-dbaf,cd689ca1-47d9-4147-a571-5065ccd2b219,5232139e-6ff0-4b4a-a850-6de049288ff7,2026-04-06T04:03:23.372398,2026-04-06T04:03:23.372398
ed3291f5-6689-4d54-8ce1-668dab52d043,Beauty Buffet,beauty-buffet-1d7f,,,2026-04-06T04:03:23.372398,2026-04-06T04:03:23.372398
8268fb07-8fe2-4fc6-9ebc-c2bd5cf16b56,Felina,felina-a4ca,,,2026-04-06T04:03:23.372398,2026-04-06T04:03:23.372398
3c8a96c4-7177-4290-bcd3-355733360e45,Secret Key,secret-key-a231,6921c6aa-6175-4c6d-b3dd-d0e68bda6f0e,fedae437-45a7-4aae-85f7-a69001135f3f,2026-04-06T04:03:23.372398,2026-04-06T04:03:23.372398
90940fa9-6a7c-448a-ba27-5300bb9bd040,Angel's Liquid,angels-liquid-5095,14de1474-25ab-431a-a3fe-8c831492c85b,7344a1fd-99a4-4a75-a045-a6d1abf95f0b,2026-04-06T04:03:23.372398,2026-04-06T04:03:23.372398
ef33193c-1384-491b-8412-74836039df66,Armaf,armaf-8da8,,,2026-04-06T04:03:23.372398,2026-04-06T04:03:23.372398
40959d66-933e-4caf-aa1e-c8e4f3dd87ec,Narciso Rodriguez,narciso-rodriguez-292f,f4da62bc-c319-45a9-9bc1-487b1e7ebe1f,de31d152-9b5f-428f-b1f1-5e75b9f49418,2026-04-06T04:03:23.372398,2026-04-06T04:03:23.372398
ea31666e-5c26-4818-bb76-f18ae8f09e82,Tommy Hilfiger,tommy-hilfiger-1d40,d383c46e-4aad-422d-8062-c25185a03658,e4ffc290-bd5b-4372-b38f-7bd093d16d91,2026-04-06T04:03:23.372398,2026-04-06T04:03:23.372398
d8d1c7c6-367e-46c8-a73a-b69a3256255e,Issey Miyake,issey-miyake-46d0,fbe9ce1a-8175-4272-9a09-21234e84de10,100bd026-8e7e-4d47-8ea9-2a3c00c2936d,2026-04-06T04:03:23.372398,2026-04-06T04:03:23.372398
e274191f-1c46-4786-955b-b4b706f94b6c,Burberry,burberry-b9b9,,,2026-04-06T04:03:23.372398,2026-04-06T04:03:23.372398
1470c3ec-1ae1-4862-bbc4-ad1919dcb38e,Foellie,foellie-6903,fbd0a731-4126-408c-b61a-890b66b1adb1,1feb1cd1-dbf1-4d36-89b1-d7bf0a9663b7,2026-04-06T04:03:23.372398,2026-04-06T04:03:23.372398
85895c59-5202-44c5-b281-3d9d3fc20ce5,Marc Jacobs,marc-jacobs-c52a,3c41ba8c-8423-4b41-b928-1d23b98dbb8f,27a4c41f-8a11-426e-b9f4-891847f62ce7,2026-04-06T04:03:23.372398,2026-04-06T04:03:23.372398
505900b6-17c7-46f7-bf94-c4233a1181d9,Dolce & Gabbana,dolce-gabbana-4c61,db0301db-41fc-4429-80fc-a26b36d3a4fa,fbbab84c-4306-4b36-8ed2-22e079331b2c,2026-04-06T04:03:23.372398,2026-04-06T04:03:23.372398
382df7a1-98fb-4e9f-ad35-b5b217b1dd15,Chloé,chloe-3df9,a4751708-b777-4910-be39-c841fc848b0b,7ecf3acf-beec-419f-9697-e6e6279bcf59,2026-04-06T04:03:23.372398,2026-04-06T04:03:23.372398
38743cca-93fd-4106-915c-d13d97b362c7,Coach,coach-92cc,,,2026-04-06T04:03:23.372398,2026-04-06T04:03:23.372398
6907a453-e932-420b-bbdc-7e4bf7fb04af,Jimmy Choo,jimmy-choo-3722,a1c11f95-eb1d-44fb-a7cf-40386c1d4a7b,6c42b073-aeef-4bfd-b86c-22cf155b3ccb,2026-04-06T04:03:23.372398,2026-04-06T04:03:23.372398
ec6e0371-a396-4391-a06c-0d3aa717407a,Yves Saint Laurent,yves-saint-laurent-6233,b1e14d0f-0157-4843-9188-62068896538c,c298a1a0-ab75-4fb1-9003-0be01b2f41cd,2026-04-06T04:03:23.372398,2026-04-06T04:03:23.372398
a1014b82-1105-40a0-ab1b-d2bea22e373a,Panier Des Sens,panier-des-sens-83eb,e27accaf-b506-4958-9535-f15b51bef76d,ef787597-073a-4cfb-9c85-0df590b00954,2026-04-06T04:03:23.372398,2026-04-06T04:03:23.372398
98cbcfcf-cb10-41c3-ba7c-1ba7d82ecd0b,Lancôme,lancome-c1e0,efd64a61-b30a-4a6c-a35b-23b172e2edd5,64654f09-847e-4b67-bc29-210b5330b3ae,2026-04-06T04:03:23.372398,2026-04-06T04:03:23.372398
5091a74d-537c-4d78-8d6e-75fef9d41496,Versace,versace-652e,db52984e-4fbf-4d0a-a8a8-035d9e8cbbe2,e0673d72-62f9-45a4-8e99-4c157d89d4e4,2026-04-06T04:03:23.372398,2026-04-06T04:03:23.372398
70e53220-18df-41b1-b22f-21d568125e1d,Lacoste,lacoste-8020,b6295171-c91e-4430-a7b5-58b50c0e9c02,18361993-bb1d-4ea1-a1e3-47457dde10a1,2026-04-06T04:03:23.372398,2026-04-06T04:03:23.372398
0c6cf6bc-58b2-4d69-9076-c3137fe161db,Montblanc,montblanc-a050,,,2026-04-06T04:03:23.372398,2026-04-06T04:03:23.372398
b9439ddc-2b58-449b-96cd-202de0d645ca,Calvin Klein,calvin-klein-fac2,0938a53f-b510-407a-bb3a-f5d057bcb243,94909fb0-5e2a-4fe1-9878-635e8730b66f,2026-04-06T04:03:23.372398,2026-04-06T04:03:23.372398
f5d48c9e-c254-4849-a022-a0ec23b7594e,Moschino,moschino-ce40,,,2026-04-06T04:03:23.372398,2026-04-06T04:03:23.372398
c7111cc1-a959-468a-abc4-0fe461915f8d,Marvis,marvis-ba26,85d45780-da06-4c4c-88e7-458588471476,56930652-0507-450d-94d8-c58ee850b819,2026-04-06T04:03:23.372398,2026-04-06T04:03:23.372398
75dbbadb-6024-4b6e-8da9-3ddae2c7c65e,Median,median-9480,784c8a5e-9f43-4e63-ba59-f26bd3c36ccd,947dccb3-afe1-4016-95ea-299e455159c1,2026-04-06T04:03:23.372398,2026-04-06T04:03:23.372398
bf649d4c-cf5f-4306-b05b-de68877917ae,P/S,ps-be52,980622e6-960e-47af-b99b-011342439a27,b06a5724-95cb-403d-9175-4a5bc5419617,2026-04-06T04:03:23.372398,2026-04-06T04:03:23.372398
ad2059c8-7995-4ce9-9c68-8e236886383d,Sensodyne,sensodyne-2a56,a9a670f6-f4a9-465e-89fb-782cbec50dfd,37a3b4ed-ded8-4243-8c03-814bd1bfc242,2026-04-06T04:03:23.372398,2026-04-06T04:03:23.372398
2687bf61-cbd4-4005-9610-2010eeea71a2,Listerine,listerine-7f09,,,2026-04-06T04:03:23.372398,2026-04-06T04:03:23.372398
d50d36ed-fc66-49a9-ad2f-3db0802894d9,Crest,crest-d6fe,,,2026-04-06T04:03:23.372398,2026-04-06T04:03:23.372398
4ef8a264-0b2d-4201-a479-a9047d69f09c,Celio,celio-bdcd,895d9f9e-4e8d-4f78-b77b-361770c6d704,a1e6444b-e04b-413b-9243-1d7247ac4919,2026-04-06T04:03:23.372398,2026-04-06T04:03:23.372398
cb4d9159-29ee-46b6-8736-eeb0da1cc77d,Propolinse,propolinse-1999,,,2026-04-06T04:03:23.372398,2026-04-06T04:03:23.372398
4e8a1932-0f24-4dff-9989-089e95288fdd,Eucryl,eucryl-7bb2,b8720a3c-a958-43c2-823e-c45e0299cbba,627c317f-22f6-490a-bff9-fa0fe461850e,2026-04-06T04:03:23.372398,2026-04-06T04:03:23.372398
51bedd51-5529-4f06-a291-c1c730d5f2ee,Closeup,closeup-d3c0,,,2026-04-06T04:03:23.372398,2026-04-06T04:03:23.372398
5900a150-5c19-4c35-83c6-c951bd7245b8,Colgate,colgate-10e2,,,2026-04-06T04:03:23.372398,2026-04-06T04:03:23.372398
46a14105-46f6-4f5b-b7b8-6d6323387ca9,Dental Clinic 2080,dental-clinic-2080-b1a5,e3d6c860-7709-4430-b03e-eef3d3dd96b7,926eb51f-5c93-4f66-a1cd-3d4a93fb0620,2026-04-06T04:03:23.372398,2026-04-06T04:03:23.372398
9e376aef-ed5c-4587-a5d1-32b8324be528,Wolf On,wolf-on-a9f5,a10270db-a0b4-45d1-87ee-f5192497c40e,8894803c-d9d7-42ec-90bf-4e166907f71c,2026-04-06T04:03:23.372398,2026-04-06T04:03:23.372398
674a5ceb-ea36-4c8c-ad42-599fd2a76f9e,Bamboo Salt,bamboo-salt-a6c2,bd287da2-0e57-4898-9dc0-1495fc567946,064acc54-d60b-4606-99db-7532f6b18870,2026-04-06T04:03:23.372398,2026-04-06T04:03:23.372398
833f2286-0724-4292-b96a-24c9b1389419,Perioe,perioe-ca7f,e502efbf-c1cf-475a-a070-60efe76efb91,5cd6150d-aaa4-4d39-bedd-3dacc724b5b3,2026-04-06T04:03:23.372398,2026-04-06T04:03:23.372398
c1d88f26-88ea-4182-bdb7-27fa8426eb90,Fino,fino-34f5,826eeec7-59c2-46e6-9f99-6ffa7f61549b,3137f98b-f300-434e-92e0-4d7918c42cc0,2026-04-06T04:03:23.372398,2026-04-06T04:03:23.372398
1901bef0-5b55-4fd0-b640-32e6e73e11f1,Raip,raip-d2f7,b3c383af-c6db-4759-88d3-2bac2d35c1d8,3135fb46-d076-4387-8e5e-489e712ae64f,2026-04-06T04:03:23.372398,2026-04-06T04:03:23.372398
875a2618-4bb3-4934-bfcd-cb03b929c0e0,Ellips,ellips-003e,ed162cd5-806e-4baa-939c-88119e25b865,536454c5-6cb6-4d75-9763-f9ded148f401,2026-04-06T04:03:23.372398,2026-04-06T04:03:23.372398
db04c0e3-1d3f-45cc-827a-3c3523bf9ba1,Menitems,menitems-0cc7,5bb45356-8908-4b34-bf0c-1035b3f3af5c,5a8cbac5-c7b6-4a98-8d57-429120d56e1b,2026-04-06T04:03:23.372398,2026-04-06T04:03:23.372398
06c07871-a8e0-40b8-a3b3-60e1edd272f7,Weilaiya,weilaiya-b1a4,3e6373c2-0b0f-4798-a5f6-82de88000ef3,328d4d5b-80eb-420b-b05b-e1c1c97286aa,2026-04-06T04:03:23.372398,2026-04-06T04:03:23.372398
