id,productId,imageId,order
6286760b-bbc0-4c56-ab6f-aa51596c5a82,39f1acf1-f731-44f8-9e9d-e9f8c1cbdb24,6382162d-7289-44b8-84c0-d2c7c87a711b,0
5c726788-56a4-4d12-90b6-38179a838254,af6e474e-76b3-4fd7-9f9a-ddbb8688b962,fa590221-301d-4708-9782-950fbb6dc73b,0
c8a018be-b995-4fa2-bc0c-9fc2c2d2d117,385bdf51-9a8b-459b-a8fa-48f55704ebdc,7bb0eca7-672f-4226-a7d4-c6ca0c82aa33,0
6c00bae2-f722-4c6d-b80a-0c7db394966a,e16226e9-0e09-4936-b1f1-0cc21a1ba86a,535e6b35-789d-4612-b371-c797ca572d08,0
5353f21b-8679-41d7-9a11-181593842278,e255316c-6478-4bfb-836c-f492f2431f12,d64107b2-46a2-4a2f-accb-f2bdb948bd0e,0
64a687cc-01c6-4ff8-9bf3-7234a589e2a7,1323e052-6b6c-490f-bacd-2705d34410a7,6bd00263-bae8-4d65-8acb-5ad6468039b7,0
bbfa7d11-74f2-46f7-ba06-d9e4820215c9,7c71e1fa-b110-4630-8812-624bc9275f14,7bd62fd6-f844-44f1-b249-707aaaa33a09,0
b69f4bad-8f93-499c-9ba3-2618ebe5dc41,622c309d-5a6e-4810-8a6b-13514ae6d752,6c6edc3c-ccc8-41b5-b9e5-f7c0a988d3b9,0
9b12cbe9-2941-4da3-9800-ec0302000348,6065106a-531e-4471-ac94-30d974b3b4bf,eb9a5403-15f7-439c-b200-9fd7da3880e9,0
b2a78977-1902-4249-ac77-9be8640fc305,440e66be-68d3-481e-8f25-1013874d259c,4f3f239d-ef80-4122-b8de-1222e5dd4ba7,0
9334a0bb-c3be-4b32-8dd9-e6d955cfa963,c7c95fcf-db83-4857-b874-a23d22f9075e,f8f6520a-8da9-47a3-a145-fd40df00873c,0
279351e1-58ba-4e2a-8b37-3a7bb7b4059c,d92f293a-459c-4974-b331-9024cabe1018,3cbad0ca-ced0-46a9-95f5-801a745dbaed,0
401b62d0-3556-4252-9410-1375bbeefbfc,2e52ec27-af7f-401d-a155-c4ba6eb63ba6,8aa8639f-d7a5-4f10-801d-45753cfead4f,0
d5dee854-f0a9-458a-a6b1-98fb06c50e0e,ec301241-7fcc-4ac3-b966-397cd2066795,9492694e-9df0-4ad5-8286-e49eaec974c7,0
fbc9d1a5-5896-4ad1-905b-0dd3aad93e2c,840a2915-b670-413d-8e81-21c771f0cfd1,555dad69-75dd-4d3d-96df-10135a48db35,0
1d5a6b68-1c2c-4a13-83fc-3fa47d3eda0c,8620fb02-be3b-401a-82ab-f84272d0bbeb,61781001-5606-49f2-90df-2a7156544cde,0
fc66d0a5-eb92-4d18-90a5-6e054b8ca8ee,0e0833a6-3ca3-44f2-918f-596b7f39732c,709b7f4e-9345-44ef-826d-716c28be14f5,0
b3daddb2-2681-4929-b2e5-7bae4e13af3a,554dee85-6ad4-4c30-b4d2-da03dbed8906,ffd6cc48-a24c-4984-80fc-1ab3aa178ba9,0
5295c063-5777-4a02-81de-416ba27503cc,1516175e-82bb-43d4-94a4-4f9c5d0d9173,c713ff3d-e61f-45b5-821f-b78a77e808dc,0
906520bc-bad4-4115-becb-cbf5138577de,f6f40238-9d2a-49b2-9da6-eda779185c65,e64b7ca8-f770-452e-a295-91bd35189cc2,0
00a6d082-47d8-4d09-b17a-3742ebf3fa64,f723471c-7d73-40e7-bbc3-e92571050527,3a338299-aad9-4781-80d8-1d5fe152a279,0
fa572529-1863-4408-b77c-5fed2b8631ef,f96f68ff-1fe6-4e83-bc00-59c00e914547,f07871dd-ce3b-4e13-9620-6dd7e6250593,0
89b2c288-a036-4a00-97c4-6fa3e4db4f3e,a40ccfb9-827f-4384-a761-525728b3f0f2,30702f1a-273c-4a55-8cdd-57d8d00b4aae,0
04ddc0e0-d917-4c4f-9ca8-3e9ee6120539,46f98fb4-dbe4-4423-acda-7a860b1b0a6b,d1ae3e8e-5077-481a-bc6c-221b821d9dbd,0
c1ce3ae0-1a1f-4339-9d46-e9ac01f8a7ac,59ab1cff-43c9-4677-8df3-6308ef6f573e,145b1194-44ca-4ce9-8998-5ab82cb3db54,0
aef9b4d3-dff4-4269-b709-d1d93a791b00,82088db1-aacf-4487-bb12-8b4f2adb7762,70f9cce7-e32b-4e3b-aef6-5433b1c142fe,0
811cbc4d-68d5-4a37-bc79-89414a090419,e490ddad-8c82-4eaf-8429-6954a58a34b2,09b8c2d9-51c9-434f-b39d-78272cd1703a,0
6ac165fa-c8a1-4f2b-a983-25a3f609cb6f,119b3798-b5a1-4cb3-bbb6-b0480adfbd22,2f1255c5-4106-4c01-a996-510ffeeca558,0
91a1017e-8fda-4501-adbb-a69c860a7d9b,2b9f3e07-f4c4-4163-b5df-4086aa583ef0,ab405062-68ec-4488-baa4-5a3562f9e8b4,0
1bd4de1a-0e92-45dc-a17f-a2e156913857,b8477f6b-2ef9-489a-8286-73c025a02ebe,06bc4018-e50f-4a66-a32f-ea8baf0a9359,0
9b1c53c4-37bb-4e5c-a0cc-f35df81e3735,80d1d499-1367-41ec-9d81-54f6049e4dd6,e8ea7044-6b10-4781-8417-6ea69adcb4aa,0
c0a52c2e-f130-49fc-9c2f-689e46f078d7,c615ad8d-dc61-4e24-97eb-f85d2db5cf37,13e1d00a-3254-49f1-ac21-69785a9df511,0
210eb2f9-4f34-4de4-bff5-d218c3067809,93cb9a2c-ad40-484f-88e8-a5bb9c583e0f,02fdf704-d439-4ba3-ae38-0a7da75fd22d,0
55f990b5-1e0e-483c-8f29-ebf048f4318e,f15d17b1-08be-4230-823a-204510c99440,3facc161-0c64-423b-8872-9a3f07c35728,0
8a5c6de7-6d55-49d2-990c-bd9118819c41,39a01cff-d088-45a1-ac34-ad1db4c9e471,5ef0b1b2-709e-40dc-baa1-ca4f5afd2529,0
33a8f5b2-d8d6-41b7-9a6d-3b162eb330aa,e9a26fd2-3e82-41a2-9c32-314651f52426,f9fc8a2a-5a44-4146-adeb-782fe7321432,0
0d579708-cafc-4eab-ba03-246192d1b1f0,50eee30f-f840-4c19-a85a-37e3f0c04a46,0fdf5240-df5a-44e8-8886-5818dff5cedf,0
98936d7d-6be5-48ff-b681-afdc5b5e8f37,a1b8563c-dd25-439b-bb1a-2e5dbd2a0dc2,7a00d082-d714-420e-9d74-06e4d2f48828,0
0639485f-e8a0-4fb2-b47f-593dd31abc28,8a691735-7223-4643-9e6e-67d0af04a497,23472353-bf1c-47db-92c9-a616fcea9e14,0
f70c81e7-db96-4f20-8b82-5446ea0cc465,acaca063-086a-4b07-aae2-96943b5987f4,7079f8d5-3361-4c8d-8f64-f201f02dc366,0
e19ec1bd-29ed-4804-956f-d8cb5281e8e1,cd077c16-bb15-4209-beaa-b24f4ff58054,230d4f17-0f02-4eb7-b116-811d573a7bc4,0
c02c25f6-a8a9-48c7-91af-81b075d4e41a,ba0797c9-a97b-40be-bddc-f63514602664,6ca783a1-0503-4818-870f-b3f3f0d1c950,0
7ca9c2aa-68f2-4a35-be22-27e60c0f2e03,494fdbc5-0bdd-4bb1-a5e9-de8ee1b71371,e7b2f33c-7eee-4938-b546-05e04aa99741,0
608a009a-3635-418e-a38e-ca067afb3e9a,43594685-bbbf-424b-ade8-3ee8d01dbb9d,74430294-8e9d-4b67-b3c6-aecb61a58fda,0
af6602cb-539d-4b99-b56d-37434167a185,4af40dfe-0a76-45c4-99cf-f0e30cbff025,aa67b115-fdf3-44a9-a4d7-62057fd0f753,0
e42f1aed-fa54-46e0-91cb-3b02d7d97686,c82b3971-45c1-45cb-8417-66e00a2803a9,230e137d-9c6b-418e-a75a-cce82acbf31e,0
f470f307-c393-4c29-95f5-dfaba2caa2b6,823839a7-35a0-4afb-9f4b-4355ee162d82,894d6014-00b7-48c1-b9e6-69bee654b64b,0
05b24377-ad5d-4baf-b1dc-10814d7c8c10,2cb6e10b-5cb3-41ad-bc92-719be58ebc15,82b2ea19-07df-443d-8e99-52961592068d,0
bf6114f2-45ec-4b4b-8505-ee7a535cc2cf,61d4fd54-590f-4edf-b78a-49203ef8b70b,59270f53-b5e1-46f5-a442-1c2c77ed37ea,0
c052782c-754c-467d-a410-d0df717232ce,da33daee-5729-485b-832c-b277df7c8313,71612819-9914-4791-a189-b4189b6f24f4,0
eca04e94-92d5-4888-9cf5-b1b414da67b7,1caf314f-ed1f-4c63-9d75-7ccb614c7ba6,55fff1df-4614-40ea-8f7a-c3ff937ad955,0
d33b5673-1573-4f79-93ea-75235a1cc7ac,671b5fab-3c93-4f35-b0a1-7d2f4966e674,792a83a1-35ef-40cf-ba5d-8f322ba58ba4,0
132b1778-567f-4576-8618-e4aba1b6d6d5,bf8e9031-2e5b-4264-9966-07055d96f770,03638cf9-0e7c-4d71-8b17-148788558a1a,0
354fb0e1-6916-4c04-bf81-82954d1a44ef,43f52954-f541-44c0-903d-650117870502,6d9c25d3-01b1-43d9-b96b-825b7abe0cb4,0
8682f639-5585-453a-b6a2-8b3511ed32af,cc642bfa-a1de-4d82-99bf-fa61112449a1,c6619734-8f1e-4cd6-ad13-9bbc2d7cc50d,0
3ad3f375-af12-47d6-90e4-0b01dd22e895,0ec2b5d9-aae2-4004-b914-271afe72e529,42cb01ef-511f-4064-a18d-9ea666eecfdf,0
55b7f3e7-6b9f-47a4-97fd-c5b8f0bfca74,72e33cd7-7a86-4b6d-a9f2-e12fc11a0551,59129851-46f1-4ee3-81cb-24a5fd0c8069,0
9dbcef43-9108-429f-9eff-6f46146f86f3,6279574a-3b44-4d7f-b189-da2185b1b47f,868de504-5af0-4ded-8abd-97db34e93d19,0
053f0fdc-191a-407a-8363-3049bded2c9d,4427d28e-cbf1-459b-a1ab-d56ba2d15b9e,9c226f9a-012d-41df-a239-b6e9a30af6c1,0
0456b87e-303f-45c3-8ef4-e5daa415b865,68461732-156d-4b0f-9d50-0b59234f0e15,086a3969-1199-44c6-8c0a-91ec18f695d1,0
70dcda15-93d2-4b08-bdde-8ec28598b5f2,e8a7970e-3225-460e-a956-f41517083640,6b28c8d8-b143-4fed-acf1-ec6a1168d88f,0
7710b966-f4bd-4c8d-81b2-29d87fcfa3b0,b7093538-a900-4fb1-a782-adab1e0ffd38,344afcbe-6e25-4e51-a192-c77f479792ec,0
b39d5fa7-8f6b-452b-abb7-837c90d49845,9a45632a-97cc-435a-8a05-435fc4cdff2a,68994d71-7a28-4d32-9b86-21b87156c961,0
93c9fffc-2c2b-4617-bb51-adcfbb2458f1,0cec1565-17f6-4c7b-827d-1a32afc6ebcb,8f33e398-3f0b-4aab-9519-2412c62d655c,0
102ad291-d247-4907-9951-17a3e1e5e592,4bb01a56-3da7-44da-9558-7f5ecdda1b8e,7dd32099-bbba-4db4-80d6-748bb67f6c4c,0
6c001e50-70ab-4244-b1e5-f76d52b24e78,3f09b8c5-d8f2-4c4a-989a-24e6ebe8f8ed,81f492dc-a97e-4996-bd2f-452dbdcefdb5,0
a5644aec-13e8-481e-ba73-3c0c55303081,bf614350-7fc4-475e-aa9f-d649c953b610,63c1678a-a751-4005-8eb8-81c8fe1c0fa8,0
24c24e47-41a0-4b32-9ef4-6dfc993a68f1,2e7b8214-b113-477f-aefa-28b7fdd26260,186909d6-6445-4896-b2ef-09b2f5405ffc,0
f1439e00-853f-498c-b04e-d903fedec5e9,ae381762-14fc-4a85-b3fc-799f6ab75216,86c137a7-f82e-46fd-895d-407254826449,0
b35996d4-a42d-45a0-9f51-c1107e3a0c0c,ac9336ab-3b8d-40f6-8c9c-428820a66271,678cb143-77e1-4612-8a19-27bd057c4478,0
7f50d5be-37fc-4975-a831-6d27305e0d45,76383261-da21-46fa-a5ec-67e1c9bc0391,54317a7a-6ed2-4ef4-a3fe-e7ec9bf5acd3,0
347b09cb-a5f7-43b3-be3a-d7d5ddbf1ed0,92937b2a-f164-4a4c-8609-ec8731206535,c9d492ce-314d-41ad-b40b-69f42a83bc1e,0
9c7e61da-7b39-4f43-ac10-58ca2eaaea60,14eab0aa-42fd-4f09-bf30-f9715620a24d,56ff03e8-0d93-42c0-a21c-c6eeaa9bf37b,0
fa503192-6d34-4e0e-b735-d4689bc011df,0f2c89a4-64a0-40fb-99c0-ae75dffcf97c,a29c12d1-7f06-4a69-8792-67e2af0f3701,0
e7acbffa-b528-43bb-9c70-8c07a24b9ad9,d0f619a5-5347-43c8-a625-be2465c63773,18676170-4d5d-4afb-b7d8-ec1bfd7576fa,0
70a407b8-f046-48f7-8137-c2a07356e181,cf03594d-6f50-47c5-b080-3e38283d34da,ac8961ee-bd2b-45ff-91ef-258fb357377b,0
ab50877c-5666-4124-b3c4-42a59ab66011,af29ad0f-8788-4808-bb66-57ec1aa33a20,2378178b-1d91-4f7b-b63c-eb44a5b6a971,0
a7509020-320d-4a1b-8b50-9a5df0e4bea5,a1b93c95-350f-4c03-b5c0-6e87352206ca,1a576ea9-26d2-4e42-928b-c1c48430164d,0
bee186b1-3095-470a-8be6-cd017239bac7,20a6e31b-0cdb-4c59-beaf-54e1bedcacd9,da7d28b0-c282-4856-b517-7984e6c8da45,0
ba2e8797-171c-47d1-8623-0613222778a4,d80bb67b-48a1-4d98-98d5-05048d6554f8,8adab251-7710-4e56-98a1-e3ba04dedde5,0
0e6ce59b-354f-4672-b51f-a5a5eeeb0058,b655c443-3bfd-42be-bdba-5d5015b66d9b,7a0bbe90-9292-4731-ad1c-57d66e7fb392,0
dbfd4203-a745-4e62-b783-e0aa880260c9,8c0cdcd4-5112-42d8-b5da-5e429b4731cb,8ff48b6f-5d8c-45ed-9b2a-1db99c07bf95,0
2d1164ce-3e99-4498-adb4-c45765799f58,c7766012-4931-4018-83d5-52c1892f3932,d574f844-1900-4911-a3e8-29a28f7cb0c3,0
5e1f369d-c3ea-4bf3-8ce5-93716a735032,7799d18b-bafb-4d24-a249-24b13d2de2bb,c6cb511e-7d75-49b7-8dd7-017c298c958a,0
66d126c3-6dab-4c01-a26d-25aa683305ae,54b4f87f-7d6e-4256-add4-e826126fca94,7a5b37c3-3ea2-4f68-9ba0-da3784cd7b96,0
2886be89-f930-47ef-ba03-86cf6a154b10,a3ada7fc-66dd-4e1b-a798-65fe35280978,2858c69c-7a04-465b-99fc-a86f0f2cd98c,0
f79b1338-e9ec-49a8-b792-150a6c0d9bf0,9d35893d-04e5-4d8c-ad32-50770f2fa6b8,766ddd12-1cdf-49b9-9528-4bd656142a1b,0
67611d57-e8df-4b4d-a94a-498a9aba9201,a244d4b6-0702-41a5-a002-d927109747ae,42df39db-0e9c-44c1-b1c1-0180d8d943b1,0
0123a9e8-4b2a-4f78-a558-60adb45f63e0,b3eeabca-b120-41ac-9e2a-1ad4a46774fc,e6cef06c-f7cf-497b-a4b3-3c60a2d8efb0,0
22631ca1-19ae-4b73-ada6-dfc7cdbbbcf1,a6c923ac-68f4-436b-8dac-56537aef64ed,0dd3b895-5017-419d-b939-251d7ed4f9fc,0
905d20a8-34dd-429d-9e09-698b478449b2,55b931cb-b098-447e-972b-e75f1ea5a830,f176ff03-ef5c-448d-b58d-75d645c75813,0
c971ef34-ff17-4a1c-96e0-605625ad5c70,3277ba47-4358-4879-95b1-f5c19aa9ea7f,a03144ad-2db6-4ec9-a2a9-ce1efaaf0662,0
e7b4ac11-f452-4ae1-b2e1-f5f8316bf503,588c4891-c95e-4d89-96f1-9c37b679945c,cfcfdbe6-b458-4dea-b195-63a7b33b4bc7,0
588941ab-ff5e-45f6-9459-1fec18fe8632,b237f75e-4300-4b6a-b77e-29d35f8b094a,1c287ada-57a1-48cb-978a-1f09d7860cc7,0
e113b577-21af-4c93-9be9-8a36c2073116,5a047370-2e6d-4a7e-a7a4-83bc6ed9b738,b8593744-b736-4ace-999c-af2b5bd95337,0
0e307ab8-74be-4eb1-9eac-96d0c5e1b334,095263da-b521-4227-b395-e97f612fa158,3b72ba38-1a7a-4e1a-b6e4-a0b27d2e5b52,0
3cee6d0b-3065-437c-8a60-ad40d2693c50,31316b10-a1cd-4122-9dbc-90b78a91dbba,f1a0fba7-6874-46af-b4ee-b06cafffae7b,0
18a86d72-8ff0-439d-b5b1-ef82fab7b950,11c53210-cb68-494b-9044-57e0fd16fd18,670d5b4e-e66e-41a6-8e3e-9d21a3c7c454,0
69abea20-8c9b-441f-9886-5dcb871f6db4,5d69418e-c10d-4710-818d-36807a10eda4,946e3b99-5f32-4d9a-936c-b57d1b7f1d80,0
65206620-7fb9-4b98-9d08-2b214630632b,2811b4d8-40ee-435a-be0e-21bcfc6318a1,7a924e6c-e19c-4df2-b96e-198adbd8b51c,0
38b3e61a-bdab-4e43-acc0-d4ccc8deaf13,af8def68-c2f9-4fc0-85d8-b5871c95495a,d5d30cea-ae6f-432c-8e76-671077e8a25b,0
4e2a161a-8d6b-424d-b518-8b4c56521cc7,99dd4aa7-4c33-43aa-9945-32a90fd40d15,d303c09b-d8d2-4d45-9047-5703fb85d68f,0
12251fd0-f5b2-4173-aa23-101d6d7e9cd4,c519fbb8-ac71-43ec-b19d-49ad578a6df8,2e876d15-ddff-4b3f-a771-107979428f23,0
9544bc8e-0b52-45ed-be88-f45aec6a180f,0466f34a-ab23-40e8-9cc6-cedc68200a98,4c69621a-2113-43e7-99ea-352c90d7acbc,0
f83f3d70-375e-44de-8a77-e378e8a45b5a,f83a068d-92ad-4583-9c29-d77d7dd6db50,6cfd7611-a411-4501-a7d3-0348ee7fbce5,0
71f46bb0-d482-4334-bf08-8a5f33593fad,a1d666c5-a139-43af-af53-b182e44d007e,f7b00220-bd00-4e77-9bc3-237645b2c583,0
6892f145-998e-4887-932f-29b00e58e9c2,7986523c-11f7-45e0-a169-58eef93d5b30,b922799d-7f97-4cd9-9e43-e27cd7b778f3,0
a7df285c-719b-47bd-86de-ca53b9b0dbba,03ddaafb-cb98-41d6-a3af-52c1366c45fe,cb73314a-1902-4bb3-8c5c-1f630bfc315a,0
07400bf0-8ceb-44a0-8ce1-85ce246de8a6,931465c9-5384-4e2d-8266-226ab2836afe,2695369e-5b35-4404-aa9e-ddf5b22af277,0
8260a854-8595-411d-9ac3-4f953243fd48,e41a4a2f-7f5b-47e6-a1a5-70f3fa141297,8e5f0898-5a77-464d-b5c0-2fbca653f486,0
c8708f42-13ce-45b2-81c2-3a649d02c4fa,d879c11a-d00a-4e50-83a5-a9c0fa2dce19,aac963d2-f202-4a5b-9136-06e97fcfa44d,0
5a050c5e-714b-47cb-9c3b-258e03a619d0,caec3d41-0f3a-4601-b0a9-3d0e659f7e72,71bfb589-8c89-45dd-8de3-27b4139b86c0,0
ed2828c1-ff8e-4b92-b822-41f84025bc41,6e1abfaf-99b3-4180-bdd2-7db1a48372f2,28269b2c-1b42-47ac-ad52-f0e4e64acc92,0
073b37d1-377b-4d45-8eb3-18b27ac3a0fd,23e7b7e9-21b8-4eed-aceb-2921b858fd30,8711b740-03b1-4733-a6bf-4556b77ed64b,0
ba5d00b9-b2af-4a5a-81fe-ceae5b162b60,f4c46572-4134-48dd-9f38-98ceef587889,f5377a44-275a-4203-9c74-991771a18c89,0
2f95bc95-4654-4c8c-8afe-a77cb556d58d,33d780fb-93bb-40fd-a671-3626610987fe,78bc4978-9a46-4d0a-9fd8-91004b05d436,0
f8f5ca8b-fd60-4aa7-82de-4d0049ec39a7,3856290b-0d4c-47ec-9788-4364b9d931d1,52437d9b-c268-43a9-b6c9-124d299bdfe3,0
183950c8-460b-4a63-b342-b6c3f602a345,e872d13b-864a-4aa8-a2f0-f2b36d5db47e,e2621d17-bab0-4f80-8213-b279ced7a536,0
31922ed2-aa74-4b69-9cca-0f06297c6bf9,888056a0-724d-4455-babf-a4f50a54a8e8,269457d1-8462-41b8-8759-0889139e652e,0
7fb60ac1-2e62-4816-8a99-2a3b1615097e,76023ab3-5770-439e-a9a8-229447bada14,f2f3ff96-5c5a-4863-9883-c2b31fdff14f,0
167f0543-adb0-4142-813f-77db1a848614,97659bff-4d4c-47ca-8f1a-1d4f6115275c,0c286c24-f56d-4855-b09d-a518ae09ff60,0
4474e5bc-e37a-45df-8e3d-0eb10b7bddee,042013b2-ebc8-4d5f-b284-33bf94d2b2ad,d26a07f4-40ed-47ba-a17c-09ceedcae468,0
9bbaad1c-891a-4ed1-b734-2506202f81fa,5a5f9285-5370-4687-8c4f-65acb4027c42,97c1b08e-1e03-4f4e-98e5-5cc99a668dea,0
aa804c2e-4478-47ce-9df9-ddd92848b315,36624f43-e190-4894-bacc-321cd9e2fd27,83920ef5-6320-4462-9086-007db14ec16f,0
4be52a35-a303-421d-96cc-20b97206246b,55f7e096-bf92-40c4-a19a-862f8beaa55a,91fe0e14-55c4-4a1c-b4e5-3f7d7a9ef9f7,0
67d7a328-de29-452d-a235-347bd591c8af,d7448bb3-f6e3-45f9-9ffa-b8f6c10eb2c3,fcd0e266-4802-47d1-9546-2236ca06e981,0
9aed3398-f9e1-4887-b862-848630f60675,dfa8878e-8b96-47e3-87da-c2a6c6a94190,dfca1739-faa3-4852-a629-02ca60dbc22b,0
e70dae21-83f3-47f5-917a-4196ff3b3e61,688bbd4b-24c9-4e4c-b021-2ab4aeefcfc8,53cf7980-e175-42ba-ae9f-e6b2bc105c77,0
4151ee44-51a1-4c4d-974e-4202510c1696,874100a3-305c-4483-b6de-f61789462f95,cc28b28f-a17e-4219-8aeb-5f03aca1914a,0
fea9d7ca-e8fc-4fc6-8020-9a37eeea6102,309065b9-d5ac-4eac-960b-48d20965a8da,c22cf365-7088-46f5-bbc6-c1a88bffbdaa,0
50dab3da-55d5-4598-ab35-6f007a15a476,9c6d2e3c-470c-4092-a4c1-7cfa9961f329,38325552-03cb-4a68-9e26-82e48ece15d4,0
8894d57f-c572-4f5e-a748-b0cc361c812a,a4947167-484d-4801-b581-9d9215a9402a,6fbf4110-766f-4a0a-a2ce-5660b53eae9f,0
c37d18e8-6350-4af0-8709-c1f9f0e5874b,1872cd65-ba81-4b1e-95e2-dfcbd810631d,079443a2-d68e-4cc5-95ab-a8a4449fe48f,0
29495c7b-b3df-467f-9346-45a6030ad335,deb554ca-1db3-4bac-ac6c-4aea17d9fe90,d0ced842-c77f-4354-a0c4-46e30539c0d8,0
55bb0fed-37de-4a7b-8ea5-4701eaf72146,0a95b3db-e645-4f73-8ecb-ef499d336e08,c596d3bf-b380-4c09-ae22-2102b0f44e9f,0
ae9dbbf2-d20d-4fd7-aa26-343cd5b1cbbd,af9cbd89-431a-43d5-8cd9-dcd8c662711d,f1fb6f3f-e14b-444d-b7d5-866505fc507d,0
3fc4e415-3e03-4448-9189-f8c74d0d7e6e,aa7dcf53-7798-4645-9db0-93eb9deb3da3,bf2f4ca4-8025-4d12-85a4-9be080db57bf,0
995c8fa1-5248-4f9c-a7a2-20df2f391e84,e7119318-4a15-4d9b-9327-d135e1432a93,80c10184-4572-4948-b979-62d6e917954f,0
49f94e20-4c21-41b6-964e-251985c69077,42e99589-7ced-4e6f-8d6a-5ff3d718b734,9e609d3a-bd04-4536-95fb-7952bf21ee0d,0
b5104c0d-0fc0-4443-ab08-23a1e17f1616,8fe39dcc-c521-4f4f-814e-5120ddcef81a,64d2ab2d-b836-45a7-be0c-074516d5f4e2,0
8f7f4321-ef00-4680-bed9-287118e91e86,a4cf44db-a542-470b-bad6-c2e73932f78d,a670e7dc-689b-4788-8801-50ace559bef4,0
1d586f5a-9df7-454c-b42c-f6cf3b9bc6ea,94848204-1366-44be-a018-cc3942d3c1e9,bbcb8e51-87e4-4dd4-84fb-b791c5191826,0
228fadbc-b65b-4c5a-aeeb-76a5ae8fd37b,627b261f-1b7d-463a-a93f-13f109f58f35,4b18c71b-ccf2-43c4-ba39-b325fb0266b8,0
92e5df1a-3cec-420b-a682-c22fad88e4fc,70376f43-49b5-45dd-bb71-39d938b0599d,2ae293f1-b7dd-439b-b08e-bfb024228efa,0
4e19b609-c8f8-4453-88c3-f35a460012f5,a5a51f3a-d623-4c14-b772-e3fc9593f059,4d623f65-5b10-4d55-8094-b35dbe314d9e,0
1dd70be7-bb8b-457d-82d2-5326528bf513,723b5154-852a-4497-a623-99d814bd50a5,c699cad4-7aa8-4243-bc03-9f7914009f73,0
2fa3a49c-cdb5-4abb-a4fd-cafde8faf0ca,a130709d-1feb-4e46-9063-b4350961f928,dd82f654-4289-41ba-be7f-d8a000c6c7cf,0
4910480b-540a-459f-9701-c9362bb7ce3c,95f92532-289a-4771-a6d2-607a18b94e1b,ba5bbb73-815a-4437-9073-3e7d741bc3aa,0
d842ae43-647a-4998-88b9-121073de51f6,39050f13-45d6-47ae-8ce4-4608c7511d0c,6c434809-adeb-4ab2-9833-ecb910455e1b,0
39bc0305-33e7-4148-846a-ce51cc498501,e379c707-0ccd-4eaa-be19-c08cfadb3300,7cae37e1-dc6a-4d9d-9154-4307742accdf,0
70a2ce23-005b-4b57-86d9-57145aad7907,86699824-7146-486c-b7a7-3c1f3d086727,ffa8767c-8e08-4aeb-8eee-74eea6b54586,0
ce229fd0-f212-45b3-81d1-682c087491f3,c1d4fbd0-ec10-4d6c-a91b-6dbb286f417e,f7a95095-a84c-4162-b661-2b63b3eaef0a,0
baff6271-8c0d-46c1-ae70-4d498116e9f4,1197a9c4-e4fb-4790-a1a0-097f7753e7f7,c5906aa2-9d83-4c77-8e45-ffe71c9e871f,0
462b20fd-dafa-44b7-be32-7fbd739be44e,509a5003-8302-4d7d-8799-092989faa7aa,3b2db43c-c746-4225-9cb2-898b523ee3b1,0
a88c512b-fdec-4cf9-9fdf-504dda2f4982,4924c17e-4d87-4f31-b0c2-0d49220a9938,eb4537be-0755-450c-94f7-5b8130b00452,0
dae2583d-261c-48f6-a487-f0670ae6229b,b5599f33-f87e-4a64-9ff8-5fa60cb09c28,0210a3aa-feb7-412f-825a-6430bbb6b42d,0
c50f4c2d-7df5-43dc-82a6-7ad8de3e954a,e50782dd-05ce-4436-b33d-3054651587fa,57f0e5e2-778d-44e8-8c33-afe32f74339c,0
00e2e986-4948-4079-a977-82ea19e43d5a,3168f2dc-5777-4263-bd2f-3e52a7a99444,8a00a957-342f-47e6-8ffc-218595869df7,0
a89d9bd6-2495-4898-94eb-672d26052d32,42df7199-7e19-4f0a-86d8-21284548621b,568741b7-be80-4008-933c-d1ee930dfe1a,0
15229c78-296c-4945-9c79-9620411c4ca5,0fa48099-3d30-47e8-b8ca-2d49a36f9ee5,7c0a43f5-f937-4f56-aa5d-34df1d96dff0,0
5fe749b8-a101-4521-a46e-81eeb1c4a6f0,fb2c6da3-7d33-44b3-bf5e-125ff01decab,e8660a94-6c2e-4c32-ad6c-da7cdd59292d,0
35185779-97bb-4f98-b62b-a0d234e01954,5394adc9-469c-4c2c-b912-37161eeb8873,bb0cf934-76e0-4584-81c5-1221432f485e,0
aded9b95-3334-4517-a03f-af13fdb79c22,ccace51d-0a51-4479-b439-e2f75a9d01f7,44f19510-88a3-4000-8db9-33fdad96ab0a,0
84e0ced6-372a-4c7b-99d2-4ad867689682,1796af17-161d-44a1-9336-6fe2fb8a47ba,470964e4-b380-4396-bad7-4a28efa14c0d,0
c5bbcb6b-efda-4664-8936-dee250c2b413,cd209cc4-22aa-450a-9ad8-caa925641d70,be5445fe-ed40-45ac-b38c-bacb16e61ce5,0
24048b42-3505-486a-b346-c80fd9de5f90,d6bfb598-4cd6-4597-97db-5a48ebefe719,5ed580aa-ec6f-4e0e-8858-21be3b91637f,0
3202f0f7-2d28-42f8-8c2f-495ec45c5f26,aeeb1b1a-1cd8-443a-b9d1-88612bb07f0e,79f32550-4f72-4d79-a63d-77bad9851169,0
3ef87180-850d-4dd2-95f0-6e7360572364,06c86d60-3174-4f23-b33d-242f097efc1b,5f70239d-b914-47e9-b264-ef57b7d4f521,0
331690ac-4e97-4c95-9065-5adb78fb28e8,f56baca1-55e6-4200-ac3f-4c459867a0d4,add1cb60-2c87-4fd6-98c4-a46b49b83772,0
dc23f6e1-c489-4ec8-a1ce-cf373181db20,f7230126-1360-4b8f-8d5b-5000ffc192e2,efc7e2c8-e071-4240-8aeb-1a6733c05009,0
5c41209c-b47f-445f-b4a6-d015fff5ff7b,371f74cd-92af-4ccf-b224-52d70c4eda37,5f44a6e5-78f2-4e98-9be7-7c09eabc37ce,0
37e85cd3-e15c-4738-9623-89eec069850d,625cf35a-9a04-47ee-9ccf-19e368d238d2,061beecb-5dd2-4182-9f74-5f34bd862567,0
40f92900-9ed0-4b02-a452-26ed8b694fd3,a34ea4a6-a106-44e6-b2b1-9c52afccedf8,05cba09b-2e0b-4460-a19b-f1f0dd36c529,0
46fd6e95-0608-4abb-a357-c3518f8a91d2,515144d4-7f5c-45b1-84e7-05612819a451,6fb8734f-5da5-4ed8-8670-0cd1d92070e9,0
95be86da-fc4e-43a4-bd30-3cba21e64aac,1f9ceaf8-5001-42fd-95d4-addec6a5a691,6fd5af37-af60-49a5-95e6-d629bc3396aa,0
0096011d-62af-4710-b9eb-7ce733d2471b,e735062c-4676-4cd9-a51a-30f49886a5b3,b5e58d23-7ad0-4dc9-aeb1-14c41669c5c7,0
cc285958-a6c2-4d6e-9912-d03d28906429,66aa90b5-99d7-4fe2-b679-240bd98d84b9,7bb52a90-5010-4198-a82d-ae0b61a6a317,0
8cc51b4e-681f-4d9c-9163-b40a11b4addb,f3ada14e-c4f3-427e-a2e8-8334e5e653d5,491a1b31-697d-42d0-b00f-f2a3192f0e3d,0
a0ad3d3f-5985-4b5f-aed6-53ddc62f3713,0282947d-17b4-4c9e-8191-4ba453be95f6,7609f067-f488-496f-bb55-24687b486ba2,0
44996adf-d617-4e1b-ba2e-5ea2a8d1aca1,b29e3f36-b10e-4391-bba1-28e60881ec85,50513e9b-2f2c-40f0-8e2d-02d389cd5285,0
a9f7b2d6-3386-49f9-87e4-74a72637bc1f,2477bdff-390e-4484-936a-5f980ec4e4ac,d9a2341c-d3c4-4e61-a9d6-7d187d7efb2b,0
ededac50-361d-42ee-8cd7-d62f55d3716e,fe80631a-f9bf-46f6-b454-a41c80cb2f5d,937f96b7-6297-4d99-904f-069998a15cc5,0
16245c33-0b3b-4d92-9656-026e3281d816,4a32bc6e-2cf8-492c-8345-9ca8596cab6a,f4adca40-6a7e-4220-a91f-16674f7670e8,0
4540bbf7-1006-4fdb-b3ef-6f5b886226a5,726c4f72-911d-484a-9f37-13baa575c246,a8ebd74e-18e5-494a-8465-c7bb1de05b0f,0
3dcffbca-a7a2-47ed-8c66-45ed6d04a9e2,0bc3fa70-61ff-4292-adff-c26cffbd6f5b,edf00822-3f6b-4690-bca1-6dbcd82c5fad,0
adcfec5b-9fdb-44f7-8672-eb6f2738ad69,b8eb1c80-26cb-4af9-8226-627f58f9d72b,4a1d97c2-61c7-4a93-987d-ac8f8826c6e5,0
2c56f48d-bfe3-4a33-990e-2f6d33f6e906,6c38e23c-d746-48ff-a11e-8497b9b48bcf,b8960b94-da36-4849-b65a-5865a1edb4a2,0
602c5472-ceaf-4a5e-a601-dcfe005856ce,20ce35c7-4929-48ac-b9cb-e56fef244242,faf5c052-4aec-47a1-9638-155fb28a8b85,0
538b5a94-49b3-43d7-b175-0e596899b04a,aad869fd-8024-4867-973c-bdfa813528c7,07ae4278-f78d-42a4-b56c-7a1b454845be,0
2681ee3f-4990-4870-8b55-2f45818091a4,5a924437-3184-4bd5-8351-ac08f97c5d28,2e1e994a-9e94-48cb-90bf-11aa043a158a,0
9b610460-c7f8-45d9-b202-a7bcb1542329,e5cb1c98-2d67-4ef4-b4b5-0db014daff9b,f5ac806c-906c-40af-926e-e04891cf4804,0
2dedefed-aab3-40d9-8c86-5d3689b40982,a3edc97c-929f-4d8e-b353-0b6425a7e337,5ec8acb5-c4eb-43a6-a6db-f36bc9ce7ed9,0
44e3763a-42af-44d7-809a-7b5b4e27ef9c,39474269-b969-4a26-a920-461d31ad02c2,dd3a87d0-4dbf-4680-94a6-34eafc104b59,0
1f3a87c8-48ef-40ee-bdda-d950f400127e,c8aabd69-2fbf-4899-b38f-4108b0a9af63,3fa02e1f-9aff-42e9-82f8-3a83f9987b3f,0
c58107fa-09db-4681-b071-7f20abda23bd,f5d0ec75-bbb2-4d7d-b4c0-2f2af955a9bf,78069f62-43df-431d-976b-80d1fbd05fcd,0
b372ba8e-510a-47a2-8efd-b2f0b68fe5fa,09b50ee2-b296-47e4-b97f-597c02d9eba6,ac07bf93-e3d1-4947-a504-17fe9dc3433d,0
3358a4fd-82c3-46b3-a134-6aa04f52d004,6c0f7be0-2be5-4078-8397-04cd00c1f0a4,1f9fcdc2-bf0c-40b2-9c09-ebaa1fcd2073,0
553954a4-68da-4460-bf2c-f5ce3bdd6652,2c74b691-d77e-4c8a-a044-c975ca628e50,129478e4-caaf-436d-8b39-ff1782e77854,0
530db695-217b-404a-99ce-e9d432587ad0,ce19bda7-4ec1-4314-83f2-08dca9a076d7,e383130c-943d-495d-987f-50cb334dc41b,0
fabda642-dc95-4521-80ef-74dec10ab426,a31b856d-66aa-441b-97ad-b4c5dc1b74c7,b0a9566e-286b-4bff-8136-7c3f1a45aadc,0
b69effc1-3daa-4afa-a690-1d7c584dfda4,eaee7ced-4549-49a7-ac0d-7c2d55d9c5c1,d2118d08-673d-4a37-8b5c-dae5ddfa70a3,0
97342994-dfc4-4c4f-856c-bf3ee51fb208,65d9c3c0-c938-4154-b906-80842e67b2db,364c16ed-4817-47e7-ac2a-834ce7c76d7c,0
54606c18-87ff-48a1-bb90-2c2bb9f9b24f,892dede3-5f9c-4782-99c4-0b9b428311e6,976c39c6-8312-4c3a-9b0f-5fc4fe813076,0
1e25215b-26d2-40e3-a3c3-f1d878d8016e,4d01e7ee-79bc-4e46-a295-1a85d9a121f5,224300cd-c9e5-485a-850e-225296b8032e,0
98aa0d5a-2c3b-4a90-bcc8-436edc36f7df,8181f43e-b298-4459-bf77-c9c840546999,7f329b24-cf5b-451e-997c-78c69dc6f3e8,0
94154a64-1513-498e-8b27-4065c739df3e,e8211b9c-8c18-4e30-bfc0-c205d3425ef5,ac1efd8e-3dbd-4772-be74-5b957c5fe40a,0
dc453f82-2298-45ff-8461-7d3ce4b61260,b6a859a7-febf-4955-ac10-74584b1984c0,7a9974aa-7f2b-4976-8857-5ccf82ef7203,0
6b8fde09-b603-4d1d-883a-7ee5fa941b06,928b82f4-c928-4d3b-893b-68c0774a0c7b,5ec8fbbd-21e1-4abf-8f33-2bc710175967,0
36a959c1-b5c0-4cca-ad66-84d1715cdcea,b167169f-70a8-43f3-9c8b-0e45764fa082,9409b7af-42c3-4494-9cf6-730ee8e5364c,0
4e2a7d67-33c7-40ba-ae97-25f9fc65a583,57d83995-cde3-4dd8-b71d-bc43b669d6bd,f97f17eb-c203-4b47-ad95-318a03295671,0
09b7f52c-29a8-4cf9-a3b7-008feab4ff2c,a9615a0e-6559-4d0a-9492-1e608805ab2a,eb426fa5-bee9-4029-8249-8d996fa271e1,0
2e5d16b2-a7fe-49da-baa5-89c7beae2e6c,1fc47eb2-431b-47a0-ac65-0d2cafcc4700,90926866-0f8d-4e10-b802-2bf997ba7fcb,0
06218130-f871-4680-9f21-32cb58781314,34abb0a7-a227-4aa0-bc46-8076fa665dbb,1d40b67a-8dd7-4960-962b-15aef0542eaf,0
ce4e9dd1-b8b1-4609-9272-e79d4c04e0cc,8b9db988-fdf5-4024-8fb8-32335c9fc7c9,1a72f879-fd26-4444-b6ad-e663059b7851,0
730d03d9-f0a5-4c6e-bcfc-697553672dc6,174c32d7-16af-4206-9c0a-08965d0fe9f2,dbbe1577-c454-4786-91cb-a416165cf5d9,0
31d68a64-da12-4d89-90c8-33a2bdf8b191,bf3565b8-0a0d-4685-b582-7cc3c0926ff7,fe27ff58-f0d0-41a4-aa72-89965520530a,0
80588b08-1123-4cf7-851c-2ed782700ce2,27a18f47-e65c-4a47-a56c-cd0318fb9b00,9c660a91-1c05-4b9a-8888-e30657d6df48,0
e2fdf71a-85ca-4dc0-9970-7e1265c6b6dd,c0653f72-9f36-43e9-8d98-30ade805ecb1,3d3ac7db-6cee-41c9-8d2e-9b2933f6c319,0
ac78d21c-8c1f-439e-b97c-0b90e617d6aa,7d634014-0e2c-490b-82f2-0315e1eaf924,c01baee5-3463-4624-a8dc-f7fa034162f7,0
685af130-d937-494c-bbfa-2f2c609c0cbd,167bd69b-f63c-4888-ba1b-3897ac2ea2de,433a94da-6f2b-4329-aecd-c508eb1b0237,0
150cfe39-0a82-4d48-8b92-7f5a7d555790,58f5fda0-b884-41fd-8d76-f791e2167cff,e7800afb-9c3c-4975-bfe2-b9c885fdeda6,0
daf173f3-157a-42b8-b592-96d07462ae7a,90ec781b-83f6-43f8-97f2-274bee824aa7,ee3be18a-abae-4af8-93bf-4cc334ef7f02,0
dc104183-1359-4929-bd8c-f5103f50d6bf,b74bc095-14d4-470d-8344-d9143f84ebd7,0870495e-0ed7-49f8-beaa-b7cffb54ceb0,0
5075d325-d8d1-4dcd-8bfc-22b2586764d5,ffd226a6-23c3-43a5-b007-ab3d37d8d2c6,e83e9484-95d2-4139-a80d-830b86a8ecb3,0
dd798ea5-0471-4bfb-99a9-3f445e767007,7bc90fd6-46a0-4539-be4d-5ef0f991de23,620b30c4-f536-4162-b857-acee5aec45e9,0
06605910-c6ec-4c87-936a-b8dd85196b85,817f1179-ca21-4c5b-9f22-b0609d213d8d,17987ce6-661e-40f1-8bab-b7d451cd9a54,0
3e3109e3-2cd0-4699-a251-b48073b99d87,84e2edd4-dac5-47ca-b834-bc7960b6ffc9,3ee44d26-3782-41a2-9227-20f93245ef79,0
9880f34b-e133-466f-a358-95a4eb7bd448,e05512aa-45cb-4339-b446-95261bccc61c,b907ee76-d32c-4bb9-a432-a2e094b162ae,0
f2cbd573-dfdc-486b-b076-312606b94661,d59af539-a195-4e1e-b7de-90d8e1ded398,fe1ddaab-4e3d-46e2-ae6a-9ceda07b15c9,0
7abab04e-da6a-4efb-929a-dc246b1a5cc9,9344b7ad-de87-41f4-8050-af272dffbd9c,c5770c9a-916e-4393-92d9-926f1ebfb0c2,0
68bc92ca-c390-42fd-afca-38a1219a7cdf,2beee273-7d65-4703-896e-19892a4140cd,f51a3bd4-6b4e-472c-aed1-4a5609a911fb,0
0b131a1b-788a-4bfa-a87c-8daae244316f,4ebfa02c-1ed3-417c-8063-4052bbad8161,8f626666-074d-4fe5-9855-e0423f2d67f5,0
fb83a94d-c663-40cb-98e0-819507f1c014,2ea9a460-c6eb-48f2-a5ef-52eb2cda3e4e,6a2e1ef6-269d-43fe-9c42-3428074f8de7,0
77d6a7b2-5c22-4a99-9ee7-b36a530ad396,0d4613f6-2d24-42c5-a504-e995b55702f9,8beee39a-af44-48b1-a75f-403a25d2e960,0
2de3d8cb-dcd1-4d14-8123-541671b7b96f,bc6f6a2f-9446-4bbc-99d6-8b32f9d1b1a5,937610c3-c0df-4df5-9315-0ec1af20b8f4,0
13e408f9-2734-400f-b4e5-0ce4e4a6c10c,b55d6502-9f40-4418-9e95-b9965f6fd993,5ae05289-a88c-49ec-8c05-82522e9c613f,0
e895135b-5769-43b0-a895-e51f5ca64dfc,9f86e823-b500-4510-bc7c-4d31e09e19d1,3635ee4b-ac08-4d93-a7f1-71d48495090e,0
10488891-e68b-41e3-a19b-cd8f57c428f1,5eda3ea2-f492-4e62-930e-88ccca7f5e6b,47c30c8c-2523-4b4b-ad83-d70954ca3cba,0
2e0f64a9-6d3b-455e-b019-bdfae3780751,bee2b17f-1102-4d92-906c-26f73758879b,d5dc7800-debb-4424-a931-3579d6d04d67,0
b1955010-c82f-4b07-a901-533eecde3ada,8a22f382-df84-4540-a7a1-e5744a827909,c992adcb-955f-4cb9-9357-bd50fa8caeea,0
75eef386-0dc0-4263-835a-fb09fa7eb4dc,22b9a34c-f87d-4ced-8030-809fa6de5b7b,076502db-1aae-4e76-9ea9-0e9b414b3a2b,0
bf8f2dfa-9f48-4d28-9792-3f63f53a6ad1,40875e2e-58f6-485e-b360-206991e95781,fc301387-4501-4b31-8baa-96904aa9be3f,0
61e8232c-04b7-4a18-925a-439adbb0ffea,1848c42f-a426-4406-916b-68515459b89b,be0a0b74-1981-40f6-beb5-be539f5f45c6,0
3427d79a-1482-42dc-9319-2428591e7abe,aa572fb1-df03-49c7-b3a7-2e5e7c0a9f1b,4cab30c9-1802-48a3-9f40-a6e23c86f14b,0
8716ccfe-ab1f-4dbf-80c8-271260a9dd2a,993895cf-a9d1-4773-a961-e6d06d28c8b9,b027a9dd-4a9f-4014-9e11-23c9282b3155,0
2ba3993c-4ac8-45c9-84ae-03b431271b61,a9f8f2a6-2d10-4dc7-87c9-a4ad1337f53c,892512c9-9c9d-4706-ae02-839ec927f6ee,0
24b601d4-5e00-4257-9900-f97a47958ae9,b501b341-6cde-439f-8b04-fab23d5c8ce5,366d301b-1a1d-421b-83a9-9ae6b2823023,0
a11fe076-19a5-4809-aff0-d3e3f4c72dd7,6cbfd7b9-e9e6-414a-b21d-d97d7a166ca1,82af2267-baee-4142-b227-d9ce24386a9d,0
823e9a75-bd2c-499a-ae67-cd671896d25a,d853dc1b-f492-41ff-bd6f-d9091fa9582e,a32b6796-9af3-45ae-ba73-766fc79b4ad6,0
6ac897af-dabb-49c9-a5ea-bd200cc48260,395e275b-939f-4625-9333-b06a611bf35b,2d08065c-1c74-4bba-9702-51bad1ac0d30,0
69e0d1da-dbd2-4e4f-b223-29db70fdbd5f,7cda6fc7-335c-41e9-9515-c586ad9334ee,6992078e-df84-49ec-8b82-0de65b1455a3,0
3275fe26-bdbf-4a8d-b211-d4792e66d1d6,fdc9f9d8-cc5a-479a-be29-87095dd8bccb,9e53632d-a783-4bab-9438-2645ec542e74,0
58a373c0-fcfa-48cd-924d-7296ef8aad9a,9751dbcb-fc5f-49a0-8ccf-3561cd3127a7,3c49ada4-63bf-410c-89af-0280992240d9,0
26ede468-bc98-4fb3-a52d-f13342e81333,f8f77dd4-0e83-40cb-b9ca-8b1a490e6a67,242ef8cd-1634-49e6-b998-5cc21ba2f9fd,0
c4b62bab-daa1-4a5e-be54-3d93826519b2,7fdd923c-22da-4d54-b230-003ad6d6bc18,6cce69e3-12ae-42be-afb7-e15ae588bb41,0
00302a22-2a41-43c0-af30-49726a4f1fad,931cbbd4-fdf1-4814-b760-c853da6fd224,cea5722d-fad8-4316-8edc-d44f0a82c54f,0
f86a6469-1617-445a-b32d-220be651b903,fb1e68e9-fe23-4e9b-a01b-fd206fa7d35d,6ae84017-3c3a-4348-9cfa-0ec88e520990,0
d010c57a-9850-4164-9752-8c21186d303c,e7bdc674-f2fe-4a46-b5f0-7b0916b5f506,45ea71b2-8065-4a0a-8d5d-0b1c4fd4f0a6,0
96fd8aa1-caf7-4738-bbd6-1a0e3459dc36,8a85620d-54fe-40de-8253-af6a7fb137cf,616b1417-b00a-4298-8c3f-ba7239863605,0
03652390-92b5-49d4-b609-b0331b674d53,6f7bdd97-59c9-40f1-a069-8463f13e2032,83d1e07a-2118-4f04-a514-193c487b2d53,0
939e116c-782a-4e5a-94e9-695d00731434,1d6fa6a4-c989-4e66-ad4a-922a5d4d073a,9e572266-ad73-4db2-b1e3-3ec715481186,0
4c05f03b-a130-469b-aa50-a6f90c2cac4b,6c53c244-5cab-4215-9eea-0c9cf80758c5,3115a484-6571-4309-b4cf-e575de8e1d4a,0
521c22dd-cf15-4a3f-96d5-d4322c42be3e,e7e3b4d4-270b-4589-80a2-c0e87d831c93,a0452495-0b03-454a-ab87-1c8874b85a71,0
9494e5e0-ee05-4ae3-8e10-46fb3432925c,b537b46a-f070-4643-8432-7d0e13e2bebe,40c44b5c-01c5-42c4-9d80-1703c289d34f,0
166bb09e-9685-4abb-93c3-9e8a290908df,8fface61-e329-4c4b-b5e4-a6de00e4f7ec,075dbeb7-b7f6-49df-94dc-e6d2dc4f8b71,0
82168351-99da-427e-ac85-92b2c4bf1c59,d841f599-f94a-45cc-a9ca-6af162fb7eb1,e612ffe6-d728-4733-8103-bcc99746e8df,0
b977fa8b-05b9-4bd2-be0e-d9fc62567d8e,d755a1d0-b7ca-441f-8720-1c22c9fce919,ad41daf9-9f07-42a9-aa60-c0dec07d19c4,0
5147cf35-78c4-4ded-a92d-5be311f24209,cf135502-38ed-42c4-b98c-3c2dafd90c50,f5f46d0e-ae57-4b94-b856-b15c9ca036a5,0
a1995a84-1f6c-46f4-bee1-8e7dc8c0d585,3523415b-9930-484b-a569-d7aa4ceb64b8,3d2004ff-f8df-40b6-9a1d-ffdff9c3fad7,0
8a2e2930-3639-435f-b659-ebbabcbd9815,c50ae917-c23a-4c72-8d6e-711d42898c02,4d408b63-aa4e-48c2-990e-b903f25254d2,0
a5f91568-af58-4fb5-bf7b-2679eb000b27,18e0508a-1863-4fc2-ba2a-b05db8bdc16b,bfc7f66f-a6df-4519-a7d3-cabdac5b07f4,0
ca6f7982-a31b-4623-8533-7d1937d6677e,55ef60d7-fb8f-49b6-95e7-704bb46e2b50,11f23e3f-d844-4c82-9715-7bc704a83092,0
68217c68-bab8-472d-89f8-3b8214f58898,5bb6d17e-63f0-4487-b41a-e5c8625d1b41,86785218-5bb6-4c4b-bb2a-2d8049937125,0
a7a9db82-a0a1-4db5-9b23-6b5160a7d4f2,b9716c6d-f1c9-45a6-9c7d-cf467947de61,dd461672-036a-4ecf-8179-e06c118162f0,0
d3a102e5-eec4-4824-a0a2-9109e934db9d,3b788ea4-a070-4289-81c9-991e0f0d1344,dbcf74bd-b428-4bfc-abb1-9222dd99dbbe,0
467a40ba-9718-4952-873f-a32f8ca036d6,30bfc503-1231-4e2c-a130-77fb18b4fc42,2cf47abe-da2a-46a4-8327-5277b47862df,0
63c6be6e-8331-4ec9-be11-fd855bf6904b,5e59e98a-6471-419d-ba94-96117c90e242,c219dc6e-57e9-468f-8306-d854a0697725,0
403aa107-c9cf-487a-8497-1a0eb2150dea,14f2cd94-f2ff-41b4-8fa2-3d160d32e4fb,9871d34a-e74f-4e3a-959e-7a88903e3063,0
a7e16918-1256-4b27-84b3-eb48038e8288,6920ff23-ea4a-4f95-81cb-d634c23ad121,b4b5cec2-d8f7-4a3f-8765-2199337bf2af,0
5ed6207f-4a87-4632-908d-225f57852c58,01440e8a-5257-48e3-8963-fe2258d397de,775521fd-f26e-4266-b54e-09810d074528,0
095d92cf-b8d1-4811-9316-62854b0f1b0c,0c2d9024-e12d-4195-b976-d7bb5358da1c,d8c90762-1d4d-49fe-8cf5-82f060f3bcd0,0
82d6a189-1b40-4af4-80b7-c8d1d0bbe17e,4ab11cc3-c414-43dd-a3b9-e3d161fc2a7d,e5ffd6f9-ea7e-45bf-997c-b41333b42081,0
72cd7952-a072-4957-942b-c9354493ae3c,2f3db1ab-0640-491b-a4a6-da1b3ec82355,2357debf-9911-44f9-b281-3d2942c9b4ce,0
7eabb1bf-24da-4f7a-a6c2-5182cdc336b8,757df0b1-827f-4944-862c-2177428a4f91,feaa3872-74c6-423b-8f64-a909bd4e597a,0
34fddfa6-d8b2-4118-a7ca-a8e3f2190fec,984ea69e-1cbc-4575-ab1c-c7baab85d2f0,af905c00-dda9-4e37-ace3-dbfb85360fe6,0
56495589-b5fb-4fbc-a43d-e46994ecb178,93573a7b-1ad4-4b3c-bfc1-c410a09c3182,799dfa47-42c8-4928-a0aa-343cead4646e,0
5d04a42f-7b75-4149-8964-6f16427abf5d,2d8d67cb-003a-4f01-8319-1f6d755b4ef8,01b7b2b1-3509-455f-ba2e-b252c8427ca3,0
f22f085b-59fd-4df9-837c-fdc65203142f,fbf85511-fb4a-4233-a3ad-07fd68fd10fa,45abed1a-355a-40f2-98ed-d17df964a9c9,0
3dfecacd-b036-4636-889c-204615664fe8,e6a84f29-44fb-4e41-9284-78b9ea5e9012,998b8c6d-9d9d-4e0c-a5dd-069e03a48b80,0
8d8ec596-0e7c-4006-aaa4-1a64f9c4e30e,4dc24b1f-3f13-4513-9e6a-f9ced2a3989a,cde40bf8-7514-44c2-bc04-ab09781aa914,0
23b08c9a-7d09-459f-bb46-e845b9884fb9,219cf007-38f6-45b1-be22-6cc40966397a,c0dfe818-b87d-44cd-ae52-222f9bf8a7a0,0
7fa62eea-3793-4625-bf23-ba058ea56e85,238f69a0-a09d-4f7c-aa3a-36519e734362,e1ef32ef-af54-4674-a092-f5b4f6f40699,0
68fc0429-fe2f-4053-a149-03b0656c9bde,92e056a6-50f5-4238-afc5-16f41efa9d25,dec57641-3e33-44bd-8633-065d5630278d,0
8c1b30ac-b8dd-4ffc-baa6-399a1486f824,df6a69e4-7ce3-412b-aae6-60cb3b3d645e,487c5769-220c-4c38-8af1-3edac0aa3832,0
f204789b-175d-4a60-ac45-04f2a260d485,b3d775f6-e1af-4f55-b4e0-333563cf91ea,d7ac4251-7302-42c0-a646-4eccd6483a0c,0
dc060504-c42a-485f-ab74-4e1aa17cd0d9,3f97fee2-90f3-4e50-ac1c-5c8130ec8fb5,8636793e-acae-4b2f-978b-b2577f51a830,0
22ae4c68-2fce-4b40-a97b-deff0748c1fd,cd978f9c-04eb-4000-b543-b368b7119ebe,b47ae63f-747c-4902-b86f-7fb2e575ab60,0
dd9f35e7-5eb6-4602-96c2-7e65c9f77dcf,4f1d4f46-90d8-4d40-9adc-a8654ffa5d06,1888cee2-6d94-48de-b48c-d3a60b15b7b5,0
41d7ccd2-2449-4a6a-b263-4b6ed9012b9a,4a52d180-8cf7-4dd9-ad75-294c8449e592,5b6cf9da-307c-4068-ac9f-170dfb28021b,0
78512e29-cb66-4cc8-b8f5-83ad6eb5f594,0b40b9fc-254b-44d1-99bf-25fb0a4841b5,8d94393a-cf51-49f4-8433-f46deb8bb2c4,0
f603846b-5822-4901-85a8-0f14b2025ada,affd28bf-cdf1-42e6-b91b-3c29521b813a,6101a6f4-b178-4a8c-ad8d-e6852066a3ef,0
ad59a2df-dd3f-4119-9a2f-c828fab40749,ea58c4dc-e633-403c-a5ba-043eff8d2e1c,e2bcbc25-327f-4dcd-88d5-e3784847bb9e,0
cd28f664-cee7-47a4-b144-53e1dabc0d8b,ebbe1e04-4178-422f-9b7c-a7a685e865c0,07e3d826-7995-486d-9103-36eee5d19fde,0
594b725c-af85-4048-be02-d481f7d5a446,275ff7de-2862-488d-89a4-c9fa3c25c353,3fa8e077-6bd2-4034-8860-4acb28f93349,0
65f3baff-8266-45fb-ac84-85a5a0666304,d1ee5f58-fb35-4922-8a44-6903af913a7b,debfa40f-4efb-4950-91f7-744421aaeeac,0
811f9a01-11ac-4813-a5db-8aa3f365aa08,f0d8b12e-b45d-4b9f-947d-2280d5118473,b7c3ca5e-1a78-4412-9965-7498dfcdb91c,0
d9b24bae-00a0-4f71-a0d0-36a759fb7d9f,87140c0c-c8fc-42b0-917a-99c07e7d62e8,006ada81-15d7-432b-8680-0fdb671b1444,0
1ccf7a8b-beb0-4069-914c-b3baa359baa1,5fbbec8d-6e71-495d-8a3d-8060d06af5e2,6f36a05d-0336-4f95-9d85-383bafd187a0,0
45be2180-37ff-4e03-8695-2d3cbf031754,0d77ec84-a586-4eaf-981c-5072b80d3d83,368d2f6a-b7fe-4371-8e8b-fd73aa80c355,0
f2182d0c-f200-4ca8-aaa8-961d2dcbe8dd,5c9e8370-daa5-435b-81fd-9dc70e2de124,878fdbd1-9052-4073-8da0-9b8f0a02e8cd,0
047d7bc2-1070-41b0-bd8c-8b40fcb60892,6420affe-f5f5-441c-9070-1b219f5ad7a0,84520108-9fd1-4a44-b79d-e741fa773513,0
dd55b394-9d71-4db4-8c8a-b17b0c011aa5,07954bd9-94a9-4560-9b8b-bdacbf127e2c,867fe599-734c-4392-bd82-bac6419adb42,0
f65f1740-7fad-4dad-a40f-d55fafe28e15,14d5cc99-94ef-4ffe-aa70-0e0fcdba6cc9,0cda7f5c-aaef-4c24-a32d-e1d78dd20132,0
1cd540ba-f980-42e9-9a1d-cddf1a832768,24384371-0070-408b-9225-bf830f17b1eb,92072907-b9d7-455b-bf12-e5bc74daef06,0
56663805-bdbd-4f97-b4ad-4f28cef9b354,1c262d1a-9e4d-4226-8e35-75f2e248d81f,40484e1a-57ad-4b3b-82b5-58f7f9c56f75,0
580a0f76-7696-4f5b-8c24-c1ec658c9021,b0224e02-f03a-45bc-9881-0cb3fce08770,d73bbc7e-4503-4a04-982f-8fdd43abbdf7,0
70f063a6-6faa-4843-8178-5714696db470,1568ce55-5666-4d6b-98dc-7ca44f87ec85,3e5d3abb-ccff-4481-9ad7-f6007330ccc6,0
12a0aed8-2f5b-4bf9-9cd6-7027500f2a36,83252c29-8e73-450f-95a1-24fc186ca50c,e62b63fa-a187-4cab-b2ae-9408dec3ce23,0
f06ae116-5910-48e3-ba73-cfa2d879ab4b,6d177b2b-0704-48bd-af50-14951badd002,124fa4f4-f121-411a-a710-7bb02894884d,0
bf26e5b1-0e8c-4552-922d-2036e48420b2,b37503d7-aa63-4ab4-b15f-790c74e29c55,847b929d-b91f-4f0b-b3e0-afff5b2688ca,0
df6ec086-0f02-4098-819a-aa948c9084e4,6638b91f-0560-48b0-b5fb-66e708cadfea,f735d310-9c31-420d-82db-553804aaaecb,0
c25915ac-ff30-48df-a7b8-019e4459f78a,771cb4fe-a90c-49a6-adb5-a1e78884c35e,1efb83ab-61ae-4594-baff-ee7d7237d70d,0
9842f770-c0b1-49b1-b79c-a1cad5699a0b,06f41c12-0cea-4081-a6c1-1023d2c48095,d0720599-84b5-48ab-a5c7-898294e7ee4e,0
bd0046a9-4c22-42f1-a589-b37ffaf6bd3c,4543c3d0-5dff-4d97-908e-4a5b0f2676da,d36d5289-507f-47d4-a1c7-ce64135bf70f,0
e3ed7b6f-498b-4fa7-9bd8-98e980c70dbb,dc91fc46-59d1-4649-a299-d16c5d14dafa,74ed244e-65e5-4917-9181-eaf6e9f7e39a,0
19db3419-3a2a-4055-8364-e746d7012de4,d657cfc8-34c7-436f-bcad-c729886ae2cd,d835fd81-6a92-4c43-8f7e-8741e89e5dc9,0
85a3854a-816f-4638-ab4f-048ae121bb06,7ea132d2-b23d-470a-9aac-4b5a5dd46584,475416c2-d4f9-4b6a-abab-1df1029f3b57,0
17478947-3430-414f-8b14-afd934041ef3,35a4c172-84f1-4951-b794-da69b2800605,19808349-f0e3-401f-9ae3-954297662ad9,0
4650cfb6-db22-4c53-a6f0-22b42d7d5e5a,45050ba4-131c-450a-beb1-67282b8b2d1f,7fbaf6b1-9525-427a-bc11-aefcb5797511,0
a82b3fc2-7905-4905-9a20-386743e2640a,0eaa9838-f880-4155-869b-203707be7b3c,066c5899-abd3-401d-88cb-0d4af157f46c,0
fdd35af3-c6dc-469a-b19b-b35296bafa6d,9415d958-93e6-4f65-8624-8ce58a70f58d,b9eddd76-0040-4f90-93ec-cb0f7c617bfc,0
0a52017a-c739-4362-86b8-47ca87d8ba20,b329e105-da60-47c5-a4d6-b330cb7531f4,be1a7867-b6cb-4eca-821e-c10a7771b054,0
8fc927e1-f4a4-4502-8d4d-721fede85c03,f782c40e-c02c-46bb-be4e-67cf81daa0d1,9e9bd4dc-4143-4a32-ab53-69a2f80b86cd,0
a50c555f-76ab-4f0b-82f8-b8d1ab333bbc,75de397d-a042-4636-afc4-9358368eb247,8a5190a8-9e52-4d39-8ac7-44f62bb5a88a,0
5b4c61c5-7a4f-490e-bd5e-145e9f7218a7,d915842d-444f-4c10-8330-31397c6070c4,4ec0480a-a944-47e7-80c9-b2e44c719e94,0
4b91c57e-aafb-4714-b5ef-c5ed2a12a980,934e40ac-e460-4fc4-87a1-b0af3fb0f7cc,086aa1e7-54a0-4b6a-a430-b5c0c9f31b05,0
07c3e90c-43c6-43ac-b0e8-1f96b431415f,9027b69a-4f05-400a-af41-afd1efbaa492,f0e08a1d-3327-4076-bc9d-9fee16bd662b,0
3b988854-1639-4ec4-ae2e-47b35a09a5b8,b25a461b-8b9d-42de-a1be-8b61586c45e0,90b5b788-63be-4201-bd9e-840d5ebfe8c3,0
16e6feed-a5ae-4e2a-acdb-aa6cd1971510,fcd0ba29-84be-4c18-a460-574f22391c7e,ac2dc843-6658-42cb-aab7-65432bee5049,0
6a1b6a81-74bc-4173-afc2-41860ad4822d,aeb533f8-a6e0-47a0-b6eb-549c41a1ef57,81f6c9b0-eb79-444e-92b6-f5a6e6c179a8,0
2508a870-22e7-467d-b535-9306be80ce07,a9c6386d-f8b4-479c-9f4d-6f739e2f198d,1d0450e7-5b3c-4e2d-b245-70453d7f22e2,0
515144ea-18c4-4352-b2d3-3bd2642808a2,6d2e0c70-fb68-4387-88d3-4330467aa4cd,efb8d5bf-bcb2-4c9e-9017-4dcb1bc213e5,0
76c1424b-f1f1-4c7e-a4f3-5d59146a08b4,046dd15a-90cf-4e76-a97b-9f6919494e3d,3392e1af-ac7a-4fcf-96de-70f6316e0e03,0
38ad4e6c-faee-4a70-b822-aaf91845c260,b1db3d6a-6ac2-402b-9c71-d5439e8f050b,e6001ec6-e8f6-4de3-a8f0-3c4bf8043370,0
68a77112-abb0-498f-9d23-54fbecdce9bb,c9ba0fd9-4017-4b01-a909-566228e98473,a846a30c-4367-40f8-b828-fadcf5e1dd20,0
ffa06b3f-36e0-4d46-ba17-1b09a62fa65b,98f54475-8dcb-4fba-b215-38223e2f1f00,b6ed644f-711d-497f-b037-97cd4732e1e0,0
d33b3129-7cb3-486f-9901-8feac7a1abf2,9773f8f8-6d7f-41d4-b45e-c63d98178532,67e44f41-3add-4d92-b2ff-42bcb7f288fc,0
0075dd56-d6c5-43af-b022-47a05ba94c38,facc14bf-d4d9-4b4f-9e21-c8048cfc1915,100c2c2f-76c4-4ae7-82ee-db4efb2a9e85,0
64d137c7-dc91-413e-823b-c04c0b6228aa,2ebb1821-22b2-4678-9533-b0d1963c503c,918a91a6-cc61-4d57-8cd7-3e7b3a6401bd,0
028357f0-99a6-47eb-a505-4a12ed525f1b,5636c6da-110a-4582-b465-e2b0189fc90c,75cb69f8-04f8-42a8-b271-772e38b950db,0
9bae513f-2bcd-40c4-a482-def6a80c9f8c,47b46fa4-7f30-4b38-9e08-0370f504c3a0,c32bad95-223f-4156-98b0-e30d3235b1b8,0
19943314-0f63-4908-8555-6448b5e471e6,a42cdd2c-756a-43a9-99dd-34dd939e25c9,9fefe361-bf38-470b-92fa-b3be0e71ce85,0
6e4091a5-0578-46c5-84fb-0071d5038aee,e89a52f3-e5b3-4b87-bc1e-db7f1c8ce0e8,80d48f22-18a7-488e-862c-c270c7e607eb,0
4951272a-5c1b-4c59-8130-5d19ab3936f7,bc1f36db-cbc2-456e-bd00-51fe8368d375,296c4896-5365-4d08-b995-87cdfc560e7b,0
cf97f60e-106d-4c5d-b52d-832fcf8ad05d,b0a2d869-78c2-48bd-8f2a-e3545f84be63,551d6573-0412-4c72-9d11-bbd915441e83,0
c3f9c0b5-765d-4d33-9e01-5e124755a11c,63d63777-ad30-4cbb-b630-8155bd894049,83ee97d9-0b74-4c63-b841-b361b99ae803,0
3d381783-2d52-4682-997b-f59dd8a6a57e,4f360efa-63e7-4a19-a2cf-5f932d3679f6,ebd57f6d-2967-4df1-ab40-6eba95dc707a,0
f2ddac6c-76dc-4e03-a1ba-c093ebf4920c,8932b6d6-0e4d-47e2-8820-b822aed2a4ec,3811bca2-36ab-439b-960d-1f8d13b79fa9,0
a26cd576-0d50-4e45-8edc-494d6990dec2,1e6ec9ce-f92c-47f5-ae19-19dd32a67357,e9a270e0-c541-45b3-9746-4d6427099ed1,0
28b1128f-7c0f-4ff4-9756-4ff23b12b4f2,968f7d0e-1bef-4b62-bafc-3b9ceaac05f7,7964ca27-e7ba-4e23-a7ef-3e84dd121dd0,0
9fa73df7-34e6-4ad7-a155-5e85a4590622,6351d4df-e746-4088-8ed4-6c03fc813487,67cf0c2a-74f9-4687-9da9-891640d54bfe,0
d136107c-ca3f-48a9-8354-02e61d0c9de9,75dfced3-74af-411b-9d20-99ba3d7ead02,a331f563-e458-4cb6-830d-c3801520d282,0
fc17a372-6984-49b1-b0ab-397191d78a15,b0ef8a00-7f2f-4db7-bf08-555101312e26,a061069f-80ac-45fc-be2d-37cc39a8e0a5,0
96d56ddc-265b-4148-838b-1b450c844197,0742f364-88b6-4023-9bd4-b3088ea1e49a,f54792de-fd18-4fbe-9c33-f48d80518457,0
c900c5c1-8ab2-4f44-b776-17edd83757a9,bcfc569f-f134-4085-bd26-807dbe5ebc61,993bb9ac-5797-4c45-afc5-94d62c4ffd10,0
a29e94b0-d8a5-42e9-940e-14578fde9ff0,02339000-4ee8-4dec-bd71-f2d0cd16e4e7,84dd5a82-aebc-4f42-aa59-ab44b266b4d2,0
f2aabdc5-a52b-44e3-9cf8-d6df2b2bb915,cfd5e12c-7497-42e1-9bb8-2ffabc67ebb4,b6af7c73-9cab-46ea-a729-d59d5aeb3932,0
d998f97e-396a-4de7-b1f2-32cbc582986f,455a4433-736c-4be7-ac47-465672992797,0d07112e-936f-46d9-8ab5-e9e6181abacb,0
4de0754f-a1ad-49f8-8a64-acc45d0b4c45,eceac9aa-015e-4f72-967a-19ab683aeade,98d45f54-a75b-4767-b6d6-9c85e48ba13b,0
6347019f-6b91-498c-9b84-c029ffd341ed,ea56e2ee-be82-4bc0-a042-2a0e6f67447c,506cf19e-18ab-41a4-9c04-5c06c779b8e2,0
84fc9fbb-8d81-4f73-881f-4b8b7b47d0c3,80892aa0-58b3-41ef-810d-800a503883da,82234235-b957-435a-8610-a7562687a879,0
1fd90fef-4baf-461f-80d7-70df2cc6d1fc,a039aa00-cd91-42ef-9cfa-f5225681ba95,a72729fb-4f27-4f6d-9928-7a72f18670b2,0
1c543ba2-2cb6-4201-9c83-ff64140d16cb,2e0f73de-1654-4c2c-8563-a52c4cd97a13,c3f5c100-469e-4d7b-aada-0feb6d6ff845,0
76a05e35-b9ec-426c-8590-9a2190055e99,cf29e00c-7d0f-4d38-b7c5-be850ea2f552,0e4173f1-0e6e-4c65-b4e3-872357cabee9,0
625d2e79-e254-4b29-81c7-aa330c43e7a7,17506969-519c-456f-8c52-da45e1d55ad1,cefa4987-787f-4c05-8617-5b44d26e4c63,0
1278c17b-8d6e-4dcb-83cb-5afd20812e4d,63ca8733-5546-464f-a6a6-0beeaa918777,8a9d3ec8-d5da-420b-a68b-f300408bb8fc,0
8ad35ab5-5464-41f4-8db6-ce2cbfa08064,764bdb1e-f9f2-48e6-b23a-f7119891d99b,ce0dd808-8d5b-4a30-ae31-d1ae891edd97,0
37d4093f-8d53-410f-8528-c641b2659bfc,151552c1-af83-4c4e-9c18-c7d4da274870,acb7db85-8e1a-4d9b-9b1c-31c396b56224,0
0986229d-1d2f-456f-a1f5-3c86b651b26f,a881108a-8cb5-4cfb-adfd-80f2683bf544,75b0861a-a92d-49b6-a122-2992b4f8ecc1,0
fbef1f7e-53eb-4b04-8c1b-ed74ac3fe6a8,70ecb086-2c87-4f86-8a23-d696fa79a8dd,5947ac6c-aef5-482c-9315-7b5b19613f56,0
adf85423-269b-4fbe-9ec3-3e1e99185d92,6f93031b-974a-4732-8553-aceba205402f,35db87a1-184b-41fe-abdf-de0b3367e89d,0
4f7b199d-610e-4527-bc01-7ccde3d4a3c0,d042ec8b-3c2a-4b5f-832c-b7ea8e8a4dae,8f19543b-1ff4-40b9-a54d-ba67093e4747,0
087df63d-28bb-4550-8883-6f763b95c4c7,6aa77e9f-84d7-4f49-b6c8-91b11148c32f,e2e1dcb3-c34d-4706-a7a1-363355fe275c,0
daf1b7a4-ad4b-4a18-b90a-57ad9555512f,dd05e492-429b-4264-9b03-21820d9b2774,7816be0e-45b2-4714-98ac-e08645f73419,0
2b07b44c-7b97-4998-be1a-8ee3ab44a0cc,fd29ae2d-c0e2-48f8-81c1-a598168e41e8,39f9a22b-44c8-4869-8a64-a2eac4c1f706,0
e8b8843a-0884-4f38-be87-c8a05fa4e091,883427e6-bb84-456b-8145-f795e9da9873,eb0620c0-a6f0-4a4f-ba95-df7d9c1fec4b,0
e8bdcb03-3e71-4e37-bd1e-2f4f974048bc,fc97f42f-3f66-491a-912e-927275389fc9,e06e4f1b-71cc-4f04-bce2-f36eeaf97690,0
d6635ec8-921d-48d3-b0b2-31d69b27723c,f32c6fbb-9f4c-4d34-b757-763a1e88a4d2,ff3e6b2a-4326-47cb-8088-04500383c2ba,0
2717f5d4-60ca-494c-bf87-ab62c7c9986c,529721a6-4294-4218-bf79-9153f02c011c,32d11815-00e6-43d6-8b00-2dd4d0f7fe0b,0
de7fdecb-4e8c-409a-af94-bbb9526a7394,fe96fe13-db21-4fa8-8ba8-77a1ae58ea45,2717cd1a-eea2-44be-a05e-8d53f2d20a51,0
509dbbe0-3890-491b-aeb7-d31895bbfec9,7062963e-126d-44ee-9335-7ea8d33422b4,4c42ace3-97cd-45f5-b70c-90c031a509d3,0
4a992dc6-4961-4aed-8380-1a5c984b4b9e,f09b4ea2-62f8-408b-9d0e-da8c7f12af93,7f107cf4-038f-44f1-b5b4-1e45ccabc9c0,0
cda528a8-60c7-4815-a790-f02491688992,1c36b492-cde6-4130-8732-1f4d9a57377e,3fe7062b-d99c-4f77-ad53-488680c6b7f5,0
61b57fef-d345-4736-86cb-993aae49385b,53d7b023-e503-4931-9727-79bd1bcb6e17,f6e498db-24f2-4603-9656-e8bcb2430e5c,0
ca5662ba-eb26-4891-83ef-0ac8cfa73296,7a97e9d5-2433-4b32-9d25-7a18246ea1c0,0e2424bc-ae1f-49dc-b77a-26b5c0e363ff,0
d134bd26-9353-47e3-ad32-4f6e5ee15b7a,08da3d30-520f-4ab5-b1ec-659bc3147af8,162f2d99-d7bd-43bd-bafe-65ac89631c84,0
ecafeb83-d6ee-460f-a64e-3f734d4d83a3,1e78b0b1-d01c-459b-be4f-7e78f6a824ca,a64b6a11-8c2c-43ca-b4e8-3fecfd877c2b,0
e437fb66-51d7-409a-8715-fd0b1aefdbba,da2b78e5-eb9d-4a6a-8dc1-c42faa9a7fcb,d8d418f7-cbe2-47aa-8511-9b0ed555b211,0
99f5d5c0-8745-4f5f-a7e5-c0def58c5781,21f04803-102c-49e4-8965-f631bf209b7c,54e59bec-fd09-4fef-af0b-d83b08cc1fde,0
e7aff912-acd0-468b-ba7b-2b52b1dd5e4c,d3aab8cd-cd4e-46ef-be9d-1e3bf9ec81fa,87193f9d-b4c5-45ce-b637-4cd1096e5afd,0
68df3c51-5553-442e-93d2-cb4703bb9b3b,03ecb4e0-61a2-48eb-abc9-569e86d49758,2e5284c4-0fa8-4bbb-8eb5-da7aec6eee8c,0
84671bfb-e79a-4c1a-b067-06851c64b842,e4c31c0e-115e-4016-92a6-3d486c5642e8,e1d58d5b-0e20-4125-9f69-aa8b9a3bebcf,0
f5bc550b-fc19-4c7a-877a-f9c1e8f062ee,c8b4b1af-9eb4-49c2-aaf5-45b3a0e12b34,6059dce8-3d21-496f-9e76-83f1afe7c1f3,0
60785309-c351-4e3d-acd5-0c7c7d460c10,441f13f6-bf5e-4f3f-8bcc-68839e680d55,76c94d4e-08d3-429d-9d71-29ab1e8eecff,0
6544406c-cf34-4dae-b776-bc8a2aa7511e,9b674fc0-9276-47ac-8b50-b98362607e87,9687d50f-1005-4129-992f-1f54780f796d,0
6a341721-9faf-445a-ad62-3c290f04379a,7fa70bc3-3e7b-436d-9f92-86a6d2d4f81e,99b6012a-c1f3-4771-9ce4-f39349957b76,0
8c61255d-3af5-49dc-8d0f-10e6cb6f7515,cacda004-69f3-49b7-baa5-ba9681769078,7e42a26f-4ded-4a68-8533-6e94586c49d5,0
2af8601f-aa1e-4b0f-80d0-54f832ebede6,00b61152-d8e4-4d54-95f2-dd6a6cd33390,b89279f9-16d7-46e4-8511-c22e6e0127fe,0
fb45de85-0d71-4b07-bca5-f8ac7c507a5d,c33049eb-628b-4f1d-8fc3-13694fc0577f,6fd55d88-9b95-43c6-9d05-019eb641dd07,0
009b3c04-bc62-41a6-8563-4e779a783bed,0b234015-2655-4394-81ec-337085bbbc57,d65c878e-5b05-4b53-8eee-6ba19039e447,0
6490bff8-d250-4f62-ac74-36d894418569,eb416b7b-2c01-47be-b296-91e378815c02,8a3b20f4-4da0-4856-bd75-535ed8bc25e6,0
898a942c-30b0-4a99-9dc9-e5117c6750e7,6891034b-3286-49cd-86da-dbe35312feff,debe357e-2ef9-44a0-a747-cce0917b9723,0
e21ecee6-7286-449a-8136-de849935dbf7,0b342965-4e10-4768-afe3-98cfec3e58de,e8908f1a-6794-4459-80f7-bd21fc5bfb9d,0
d78f94e6-98eb-435e-8e31-043ea5ffa966,0198fba2-aff2-4a9d-b1b4-fd4bd209075d,bf5a6d05-a33e-43fb-b86d-84ce40af098b,0
fce56848-438f-4da3-aa52-18049d39a8f2,0315230d-6033-4b49-b0e4-7db37690fcb6,1edc1fb6-a028-4805-aa1c-05ae7a145803,0
a56d6fa0-0a0e-47a6-891e-4c7d7cdaf8f0,91974ca9-5b18-468d-aeeb-754672f13bb1,17eb1fbf-aecb-4eb5-9e3a-2b1d455a8817,0
85964496-9233-48ee-b625-33b98eaed427,e7f68627-341b-441f-9eb2-99818c3acc95,d6879f13-da56-4d10-852f-a1146763bf85,0
94bad5d2-d6db-458f-80ed-8ed6fdf6fef4,913d5c08-201e-4c3d-90cd-9c0a3025de2d,ceb25214-b043-435c-9597-bee10944054d,0
8d6131da-eeaf-45c6-8911-3e4afc24f6f9,c60d1048-02b2-44b1-91d9-762ff6653440,062b051b-7ff3-423a-99cd-c104de71d303,0
fb9b6200-5e6b-4df2-b682-a8fc6fe174c7,7d9102d9-89ed-461e-b9cd-ed1f3012761e,8fd4b8ae-2bd5-4f8d-84d6-f941a4d25035,0
2889c5ae-aa85-4341-82b7-102062228a0a,d2332664-533b-49b6-8185-d2ed45acf96c,7cc2ffc4-77fd-4941-996b-9e20313f35c2,0
82ac1817-27c2-4b5c-9e7e-85ec817f736c,1451415a-401b-4461-b55e-6e6eb29349dd,c11056c6-3bce-405f-9b7e-d9a2e5cfd0d6,0
3e3c432d-7069-4da7-acab-c28640db7bcf,0602bf87-be24-4bad-a9d7-fa7d383d3161,7aa5ce7c-67fe-4499-b29b-5a1a7ad321eb,0
c63b8e98-f8b3-4ad6-9881-30c022685beb,f6d0ac67-c876-44c6-a9df-8bd4942086b7,3fee2652-f79c-40f9-8a18-d5036ef360c0,0
f7c994e9-4509-4616-a2b7-40399af33f70,6caddb2a-4300-4ebc-9eda-6317030852f2,2dcb1331-f01b-476b-9ad3-fdd8d4b9670a,0
61f426bd-0e7a-4ab1-af50-25620f521ea8,299f57e7-3066-43b8-9b8b-5437f1509f55,96b26f77-b614-40cf-a145-e8935cdff06c,0
bc678b54-1dcf-49a0-95ec-309831377c73,8ff99cc8-cb65-4e8a-9bb4-6fe20d517211,83baed0f-83b3-4d02-9553-d47b329c0ea2,0
20e66f27-bd12-4c3c-90e6-cfe8564d2976,90e70aad-3295-41c9-83be-f5ac500ad825,7729dd19-3fac-404a-b82e-d808cd05c17c,0
58053691-7848-4129-b67a-a8726f4a936f,47338e30-f306-4d30-89e7-f752e66794da,1f096743-5594-49ce-bb5c-e1ab4ecfce95,0
67c1d163-e8bf-467d-ba1e-96c16c247819,0269400a-71c7-44a8-8df5-545965f15f2b,d867e029-5a78-43f5-b7c3-3fae05eccb4c,0
54d9be1a-3317-4f98-a349-b0486067ea97,53042196-e33c-479b-a5df-ec12388b3464,f4aeb2ac-1d23-4441-bb02-4394bd96f234,0
3634ce21-e2d7-4099-84bc-40e022d3abb7,90895e34-e31f-47d1-b3c1-a9e5dc79e778,6ebeb7cb-6e8f-49c8-b639-43a57fb54d07,0
0c3c45d2-20e2-4edf-b816-3e3e2c0fe378,3b593731-8583-47dd-afde-94baeca2c0b6,c8cedce0-fc20-467b-994f-2f3fe5316d52,0
07c5ebcc-e850-47ab-bfee-4f22ae5ef222,147f6598-ed0e-4645-b3c1-ee5e59951ebf,a27a7b53-45a3-43ba-8f82-8ffed7fe684b,0
f03fccfe-058b-4511-b37e-2fa1d9e36723,598b537f-d0ea-4840-bfdf-e7ee1336a9a2,99a4557d-eabb-4e4f-8470-d1fb76eee7e7,0
3068cf11-ac59-484f-918a-a2d8ce9687d6,38216aba-644d-427e-ad1e-ae27c3f9fac4,eefd40d0-7755-427b-8152-2ddbee45202b,0
d736da17-a08c-4291-9400-f1798abaa54f,8f6fca8f-0d17-40a5-af7b-229707584fed,25df3593-b96f-4427-807b-f2655617b290,0
728b1531-4bf4-4099-bce2-452688a99060,5ebe9ae3-3402-4ce9-91cd-b7fe0f82e7e6,2a46fa00-e285-44c7-bc81-c376eb47a0af,0
eac253d7-5445-444f-bde0-d795aca6f5eb,f6954278-bde8-4693-a805-c97100827a0c,c48a04b4-5b15-461a-a230-16d3276a6f90,0
20ffd68e-a8e5-403d-8442-8e219bd11dd1,37510b52-7d52-4274-b37d-a6fc73f661b2,60ec11cf-d821-47f6-b3bd-125a2ec982e5,0
1b65f795-ee8e-4b33-b116-4825252b8cf0,d465f127-f1ef-4311-b4e4-86fe911bb2c6,7f7ebf4b-28af-4aa6-899c-3546feea4776,0
d2ad8b3a-d8c7-42af-9b8d-ef02eb1419a6,6b9f4847-49ea-4e5d-9661-5542602d7776,e1acad40-e936-4c81-b7ff-805dd9dc35ed,0
c348fc04-f039-497b-aece-7fc7865dab88,6e3fc126-7a1f-42f4-9250-0e0d9d382d68,a9916624-24f1-4b95-9280-7d188fe93940,0
8e47afbd-c064-4cbb-9045-f23a2ae74c34,08494717-cbce-4272-8e46-0f93f62e5c39,4811c209-c2fb-4aca-8ae2-e02948d6420f,0
14f46727-743c-4184-b96e-88cd9f133f54,1ea7322b-4aa9-4a2f-a334-cded666b4aa0,a2033914-891e-46ea-b15c-081d9a0a9df1,0
2eb1f463-2a63-4c02-9abd-9fd7d04a0fbe,a2cb8f72-8c02-4c87-b399-b83f1cff0cbe,6f480881-d83a-4da0-8ca8-dbcf0416ed1c,0
10ef6edc-8b79-4ba8-a8da-d676703ca50f,228e8acb-c1ea-4c90-8341-72cbce62ce2a,f8d26df0-dfa0-4e95-9e48-7f9329f0b04b,0
4674b31f-5dd4-4474-abf7-bc6e7d73b005,4841034c-8e92-4436-8912-e19b2fb5d554,99c4faa0-a02d-409b-b113-2289ae351814,0
addb6448-ec70-4057-9e1d-c74e27ee3507,bf34f60b-6e66-4b66-b0d4-de1110fe3803,781f10b5-30be-49dd-bd0c-840f8197ee6c,0
982aca99-8711-4bea-9e06-6ce6c9c6f849,97d31a99-1a82-4825-9e73-05a6c8652f3b,9aec9baf-272f-42ad-8c5d-41c81378b677,0
6369d3d0-3855-4b2f-b8ca-475ae72b83a1,87a4d57d-81ab-4084-a9f3-86e56ad01ec8,7f7ec054-e6ca-46ef-a2b6-cf544a24f90d,0
da8d242a-48a5-4f5d-8234-98e54a4e45ba,7eecdd5b-db0e-4e6d-9cc9-c31e203a4c73,0edf3a4d-4604-4a99-a3e2-68ff490d561f,0
e984e40a-723b-49a1-9a8b-fe6906e1843c,5e811d82-e86e-4516-9216-e7331a31e735,6d8b4518-5a62-4462-8c64-4b5b3b0b3568,0
a752cf69-4eb8-4150-abe0-72579ddcc4fa,b6eb26e7-b7b3-4d67-84c0-453d8de02bad,b16d0d66-ab8a-45cc-970c-6efa966b2d9f,0
67c6c688-0291-48aa-b2ff-bbf1dc2eb1bd,6ed06351-20c8-44f5-8abe-c4aa06d9b090,3a371916-dfd5-41e6-81ca-fd4a800c2838,0
f9ee58a3-345e-4dea-9cb6-f579f7a1aedc,5a37514a-a6c9-4d2d-8069-b4ed4f0c8a7c,ae766511-4f60-4d4b-87bd-0df3162e0354,0
c3dc045d-fc76-4667-8eef-63c3679dab5b,7f64e35c-f196-4818-893b-98765a868fc5,f2c033a6-7c88-4845-a33e-dd76f42ee980,0
1a7536d1-6aee-421e-b203-5870c5c0fd46,70629578-0912-4115-9ff3-bbdceb2ab5fa,1c82ed6d-3b12-4db7-8a07-1b8a705f922a,0
4d423ed4-f15d-4625-98d5-a0354762fc75,48152d80-f86a-4b8d-a2ea-d70b75a83bb3,258e5908-cde8-4d9a-9ef8-9509513fbb6a,0
7f1e3eb9-b778-45b0-9d03-6b64df1f072c,ecb00da2-e32b-40f6-aa86-089c5243670b,461538d6-befc-46ae-94ff-619e571564fe,0
45043502-34ec-43b9-a7f2-95f22506e2c6,787ffef2-9a8f-44ae-96c1-45aa2e174ec3,9c43847a-1fd3-4706-8d7a-4176890f9e2a,0
e5ef40ca-b65c-431e-b00f-7f9799516edd,631940b0-55ff-4841-9e6a-42048df81548,baa0e1f2-1b01-4b5f-833e-3afb0a031abc,0
67a0a403-3e96-4096-aee8-127f38a13f9f,d9318e09-8868-4542-b625-3135f76ec3c4,3d6c7e03-af52-40a9-babc-764a6d8af968,0
38b30fbd-94bd-4c43-b099-1638f20a6e30,cbe9ad5f-1e98-4e83-a814-a6bbbd262ddc,25f30f74-a3ff-463f-b690-2c97c63fa95b,0
e012764a-485e-41fe-8f64-0b801fbdc282,ce3b3fe3-b90f-426c-b24d-02375196361b,77b0593f-3c43-45e9-a15a-334d927a3d4d,0
c311be04-9648-4eeb-b60e-b777d19c755a,b5d9c798-ee7f-42e9-bcd9-bd97d1683468,11850db7-9b51-4d11-9d09-bc6303d84b08,0
5352a5f2-21b1-4229-ac46-0134fd48fa7c,47520ac4-50f0-438c-bde4-1551a97d6a41,c83e82d1-69ad-4367-9290-e96e5925327c,0
37aceb4e-b2a3-4ac1-850b-2719d31dfa2c,6cf086a5-c409-4a35-9ec7-0fd4fb3b0652,b257cadc-16f0-40b3-9bad-de98bd3973e7,0
6b3f413b-feab-47cc-a87d-fc21fab40ed5,728c111f-8f3c-42f4-a212-570ef3f943d2,c348c447-c5e0-4414-adf4-61094999d083,0
20e38b50-6652-4568-b933-ca2f0c0b6d42,a0af66e8-91d0-4ee9-9337-6850f416ef53,00bbb138-47d7-4ece-a258-4a666a6bf883,0
fe07b7ee-a147-422f-86bd-f1208bd3f6cf,62492922-da00-459f-9ce4-cdb439839ee0,da08857f-4f68-485b-b516-549050f4f913,0
15fc9ed5-3932-4ad1-97e0-7bea40f586f8,80a8f7be-cc61-44ae-a7e1-30671babbc4b,1734a4d6-3743-4818-a0be-d50dc7b6b131,0
9dca2f29-1bf5-4d79-aa11-ccbd2c8b4b39,924ab4a3-670c-4e88-96f0-7aa8c43b797f,edeeac67-7ac3-4e49-9b36-91f0bb8ef317,0
d6c26a85-bbde-42f1-acdd-0fe28fe77bec,8c2e5bc2-8d06-4bf7-8a6c-439fde611ff5,034115cd-d070-4829-9d43-1a3b77337188,0
eb0cc693-5162-470d-890d-ac7754ff9bde,d17e3c9d-c9f8-4e16-b201-9e3e45c5a44d,2930bff7-fc1d-4868-b399-574fa5037901,0
1c1538de-7990-47aa-b1a3-d736aed8ec45,4974a9bb-491f-4718-91a5-c6ecf5e9119d,c949a111-a2c4-4221-9d47-f42b60539ce8,0
a5a98590-f0ee-4010-8c2c-b028abb6fb41,d13b264b-fcaf-4d10-9021-9a727910c271,8cfe49e7-a2fa-4f8a-975c-89b6cb959f88,0
60554117-ae5f-4052-ba60-19afff2b2617,45521110-10db-41fe-9574-84dbba69b65d,d7939102-a6a6-4f70-84c4-569f3d600018,0
771193d5-0427-42b2-83d6-843e666989aa,9b7ea527-d7fc-4758-81c3-a97a6f728c69,c7268f45-aed7-413e-baee-c1dd71b9b291,0
1df718ec-58e5-434d-bb52-f82f88734d11,2bd1bfbf-a3b9-4fa3-86d9-5a56f471c1b3,3283e05b-cdf4-4a06-84d6-04efb82bdc6e,0
a6c4622b-9aa3-4bc4-8385-43c7bdba846d,e48b2da3-a285-4706-a3c6-8515f152fb1f,20295acc-2a44-494c-b865-033c76872ae3,0
b5197cbb-5eb5-4f58-8f4e-57bec1ec5703,c03bcaca-e6d7-45a0-b0c1-4906125d936e,c2ab606f-640e-4ebd-a071-2af09e9d434e,0
4009d6c3-4601-4f9a-b1da-12209bfbc91e,31299c7b-1ce9-4c21-aecd-080707afedbb,00defcba-bcb0-4681-b55d-94c1bbfc84a3,0
1c4b5a82-7366-4a4e-927d-edaa5668dbba,ea2c7ebd-bb83-4767-a9ff-29c5c4bdf7a4,0be3f36e-3ad2-4206-be01-a788eea5d2e8,0
49ecd76e-cba7-4aaa-ba38-f372fff841d8,18b4fce5-0355-42c8-b769-319c56afb8a0,913a4908-87cb-477b-8316-0c958b1bf452,0
b8d92b45-0426-41d2-adb4-9b06c5be982d,de0eb8a9-06d5-45c9-96d5-394c54bfe1a6,1889b8af-3da1-4527-b1fc-4e878bae5a74,0
fe7d76a0-b562-41fc-9856-b27d91eb1def,592757c9-d2bb-47fa-aef7-9e2cd32f6436,f89663b9-0b8b-4cd1-ae86-0b2e504356e0,0
004d93ff-c2db-40fc-9543-abd9ce38df9b,3e4a7e67-50a4-4658-8a5b-df99073cffa2,1708e524-038c-40e2-a0fe-4eece6078519,0
dfda6b35-18af-46c7-b229-2b1f25e54b02,8d9e6f93-e0d7-4177-8f4c-33bb7262e1d0,705a3107-db4e-4913-89f1-c04bda7c6459,0
10ef80a0-0d01-4b7e-96eb-ce3355a590a9,ef1a4d44-c78b-4d04-81db-f93c06dbcbdc,a173eac1-0257-49bb-8cbc-cc9c083602b3,0
d1c0112a-d8aa-43ca-890c-1a35fcd5396c,d45875d9-23d7-4486-882a-7a6b411ccf60,32c2f856-8dbb-4e13-a81d-a4871ecabc8a,0
4daa442d-d6d7-4d80-ae01-417479ff0f1a,5f85f9cc-a091-4335-9cf2-19043b01bffa,febc0738-b061-4537-ad96-2bb3e6a4502a,0
dcec025d-d724-4e80-848e-a1fc727ff553,0673e15f-7ae4-4008-a689-f5afba2bf62e,09b96068-e1b4-4ed2-bbb4-c7b3d722f62c,0
a7620104-4915-4bef-bd0e-c4fdd3507fdd,f37dd9bb-2f55-4d59-a39f-890d349e8d96,62f37c79-2222-476e-8326-888cc0456efc,0
1fe7f7d1-b922-4ef8-b502-61efc2f050dd,8b832fa1-cc84-42d6-a12b-7deae90f8dd8,fbb4a5b0-38ea-4a9e-b761-aa9fa246f619,0
cfe49e66-2858-408d-acb9-d8988c8a395a,b4326a86-aa40-43cc-a2b5-f094da72141b,6235091f-0d2f-48b0-b99f-4ff6e0f7fda2,0
7c3a51b5-9000-495f-8d6d-497b8001da60,7f76c207-a230-4ed6-8361-cafbed75ede2,50b0bbc3-2486-46eb-8575-4b7dafe10e86,0
e066dd0a-694f-4df0-b938-dacf81af5de3,883ae356-bca1-4c57-a584-f792f1537c30,2bb1a271-d48b-4640-9cee-4468de73a033,0
b0661d9b-cb4d-4f65-9090-f5fd37c2f3cf,4e23908a-1e19-4ba0-9e87-80be2f6673e9,80dd8501-80d9-4032-bda0-00f5c81a817a,0
884e5ff3-b494-4998-8b7b-c737c75982c8,ed2f3068-9ab0-4728-90ef-c5b6cb28134d,fb0365eb-9b01-4aa9-bb0c-acf728177dfd,0
5c1ff709-cfea-4fcd-9c3d-549bc2ff22bd,27efc759-040c-4ffa-98aa-564841ff8923,76b635a7-2e15-4b0f-99db-db3afd4c6b9e,0
d7d121a3-da33-48fd-8902-13da7efcab14,7690da7d-2a46-4b68-a900-15b03d7c6760,1075d12b-459f-43cb-a65e-6c56eff7525e,0
b09f0c1d-e000-498c-8161-b239ddf3e41e,ac6806b1-8952-4c19-977e-ec10999b5e70,ea9636ac-ffe6-47bc-929e-f860a2c29932,0
98170595-a41a-4f26-bed7-0d4279be23d7,5cc60069-fd9b-4a2b-a4c9-6728b17cb1bc,1020c90a-e78a-42cd-8f45-ef9b07c059f4,0
6712b611-56a5-4bf7-82b9-b4b74183c79f,4a44494b-171d-4bcc-a36c-cc19d9705484,14021ef7-6cc0-4766-8f99-1ad3eab08017,0
027b7ec3-bece-4c3e-bac1-49f13ad6c945,02472368-50d4-48c9-a386-ccebfa3872ae,b3334ab2-042c-4857-803e-e811a441ca2c,0
10736920-a73f-45a4-a325-7beab8d888d9,07169ef7-7f97-4f93-b50d-de55b0ea137c,1a0cf2a9-e7d5-43d7-ba19-7bcc1d8bb7a9,0
fb822449-e6ae-446f-a000-5703d0115ecd,3794e820-5ced-4cfc-9ff3-c3d091e96c27,016129f4-6fc7-4a15-8f3b-7d9b1b8af7c5,0
edea7e63-793c-4f47-92a4-4372cb060e06,816fc158-1fc6-4b93-bc48-1a5838a191b7,1aed0bf9-c2f0-4066-a925-e28c7e7efa25,0
a52ecc4e-74d0-484a-a1dd-64ec7578d592,3715df2e-8559-4935-8a55-6a3ab6215ff8,efe40afa-2d56-4444-825e-d30ee8279aa8,0
4f8b6a57-db89-4c88-a1d6-f5a1fa67359a,87a18a67-ad38-435a-b02f-0565a495447f,8feddcff-8a96-4188-92ce-e2ec08a77ebb,0
c9e6b614-e368-4638-ae21-bada314d1dcc,184c1824-c9a6-4b60-bc38-91bd8d03e069,f9324077-5acb-4a4f-8097-28d65de796b2,0
1e6c8d75-c190-4358-9b77-f6c935c4c884,50da5ffa-d54b-4bf2-8dbb-926eff20f744,c7f5adeb-6281-4e9c-a987-a2ac2cb626ec,0
0539c67b-b309-4b48-884d-2a532b38d1a6,7face02b-ab81-4c6c-8a70-2683a28d6c38,c74ae469-c338-41d0-8dd9-07d92c3ee96f,0
c41dda8d-549d-437e-8048-2a4871f13b0f,6752fa1a-4419-4d79-8d8d-1bc59ffe39d5,ed2b799e-f03d-4f71-85ed-b1055aab4639,0
4afce79a-989e-40b3-a8de-7ade1f2dd1cf,979a757a-499b-4a63-b4b0-0aa93fafc40e,8f807718-1c9a-417f-8361-352d81202d79,0
6f773e8c-7197-4076-982a-3c3db189025b,4d944409-1a2f-4ee9-8e75-8fb26f38ed0d,643b2070-82a6-466c-936c-22c81bd79588,0
a13b928f-9404-43c3-84f9-2ac934e1445a,b4a6c243-6040-4a06-b8cd-75c98d4daa7d,55e453a2-2346-4022-80a9-240770f29279,0
191c75d0-7d35-4570-90f5-235fb1a1bc0d,9c29713d-7289-4bb5-b691-a8ad2ed7aefb,3dea3cfc-58d4-463e-8ff2-5b2db7256572,0
a0e916cb-418f-469e-990f-1d936db3f253,0aab8781-92aa-4436-8872-bf7957b802c2,2dd41fe2-bcb7-4a79-807b-90255a6cb2a8,0
ad1b1cae-7967-4193-8d08-ec2705e40908,967c4f9a-0490-47c1-a9c1-d288824503a6,a1ca49f7-375d-4e1c-ba01-12162a6e247a,0
30dd2708-c10d-4947-b77e-9a4963f945bf,497d7548-41fc-4b11-a612-9d929f859b68,30bb32b1-ea42-4716-840b-9cadcddd321d,0
4b296837-9b72-42db-be80-c30215fdb5d8,4fd9018e-68c6-4ee0-8bcd-f1d5a4bad815,01f498d1-da57-42e7-95a8-f1b8a4b0f0eb,0
ae6412e8-3c37-4d4f-98f5-1f03c55ec7be,c5448b5d-64d0-4fbf-8a23-0af27228e05d,be1bbf0d-9323-4c73-8a7b-c3744d005f52,0
79b8820c-86c3-473a-ac03-15a79ff58821,733e64e3-94dd-4b28-9942-10147523898a,378bcb84-cf83-4ac3-a159-60829f1c9e9e,0
5f42e432-f2e1-48e5-af51-b340ab1e52b5,2b8fee17-ce99-489e-9e35-8ca495262d7d,3872730a-acfd-439d-8526-59bf62bd058b,0
5e3db24d-2b0e-44f3-96e2-19079958f092,f39b2c2b-002d-4ea2-8c83-7008df24923a,e5695bce-cf0e-4bf2-9348-1773229475c6,0
da022667-7e83-40a1-96cb-0352a19c7692,3f5303e3-cf92-4c80-a927-f640b25b7b24,7cd8b02b-1d77-470f-a171-7cfd07b73d89,0
32ddea3b-d07a-4d68-89cb-07ff4e77791c,11d12b12-432a-48b0-b0b5-037b17854aca,20042a3f-efa5-4fcb-b463-9df2aed4624c,0
1dc83dfb-62f5-4dbc-8c56-961b7533a510,96fa26a8-c0b2-4160-9db6-8104920e10b8,f97ac2e4-a93f-425d-bd60-fc55249e76da,0
0c0c304c-ef43-4a3e-965d-e74a9436b24d,fbcc0cb6-ecca-4b49-894a-8e425ca07c35,9b130b48-3404-4ec9-84a4-ca624cc2bdcc,0
445ed024-0872-4ece-b38d-7ed4a4d1eb37,bb975241-48bb-4d59-98a4-4ce797ca3087,c93f3a40-adb2-4bf4-9331-045105f06b48,0
f5f047c6-5139-4374-bca0-8d79410c92a3,996fd999-b932-4d10-9108-e7e49a876501,5fc0e197-ce16-4ea8-972d-79e6d576263d,0
4dabb871-193c-43a5-9322-3b1947803586,fa0d92f0-794b-4feb-96fe-67db88ad9850,0d5990df-220c-4fcb-b17b-d1ae07c48e94,0
d911e40e-a63e-450e-859d-7ae81094c7f3,8c403472-d7ff-40fb-83d1-c47901105b0c,9748da18-4951-4301-a2b4-ff4a138c0741,0
5f5071e3-a4b0-4690-b30c-9ef0b97e9695,7aff7f5f-c1a3-491b-bb3f-8b33f3489faf,b5fc1992-6dcf-43c3-a2e8-bff6981bf898,0
263588d9-0037-4e32-84b8-471203089dd9,80ad6380-1fe2-4e32-8b48-fd17884fdc15,604fbf79-00ac-4d63-993b-f958c0d1f584,0
684081fa-81c6-4316-a65d-f1fcf5b8d825,6078e083-ace2-4ebf-9d7d-7e721f79dd99,9d98bc30-47d4-4729-8e79-2980371a19e0,0
6f26d029-94aa-42a6-ab75-65510157313d,cb68b299-26e1-4552-96e5-a69590968c3b,37330124-dc8d-4b7d-95dc-d2935f87948a,0
8a226f23-3376-4e35-a69f-6f429df66704,8f9d0515-732b-4e5d-9696-a530785446b1,7175f40f-d323-481e-9824-9f85402926b1,0
bfe4d863-f6bf-4085-9abb-d962ac45ea34,9955a569-cc75-42f7-b03a-f93b58e7b403,23f7c48c-bbfb-46b2-bd0a-2dd5b009be96,0
0de7e7ea-7132-4f29-9631-ca05736ee107,adfcf683-87cb-4346-8389-31a5d5ebc9af,7f291595-cd88-4d26-8641-94eaf4f45c5d,0
9f148611-60a4-4924-8c27-1bc46b94dd7c,adbc59c0-2ccc-4657-a501-cdd30b74f2a3,6d076cc7-197a-4f1e-9ff6-ee7027649b80,0
05866cf3-4905-4f56-bf25-d4f942dacbd3,de271dc7-5dc2-4667-bcb5-c1d88647fdce,3edafa2e-2a94-4d8e-9ea4-624c012700b3,0
9006cf1f-2cb6-479f-9490-a314c5aac15d,5ec42720-8735-4892-ae4e-4a3f73a0c4c0,9d255636-38d4-454a-bc46-052aba0b68e3,0
8b6c54fa-ce92-427c-90e3-7a8d912f086a,e27adc76-82c7-4215-a2e9-07bf34b0278d,5bc42063-07f9-4ffd-ac11-a742e8ebcf28,0
d42698b6-2cd7-4ec3-897d-0184c9307d9e,f67415c2-ecd3-4baa-b86e-e1951a1a227c,cc65a499-5a43-4cb9-8936-3d05fab81fae,0
1a3128e4-e26c-49a9-b750-8dfb3f76f7cd,d366047f-df84-48c0-a5c5-d95961efc576,431910b8-efcf-475e-a427-7d66f79da65a,0
26308849-8b98-414b-813c-e353ecb656d4,fbb1a995-f044-4c8d-a925-44518086243b,22f11592-4eeb-4e83-9047-135d35e03660,0
745069e6-804f-4bb5-8671-afb93ac487c4,a27c439f-64b8-46b8-b80e-56891f4ded8d,692ccc0d-81a2-4a07-9a20-a3b63952e238,0
40f521c4-c303-4ca6-a7c5-935e9347e15d,5fd60aa7-f64f-431a-a690-c7b25ecbba94,9869d8ad-7bf8-471b-8fca-f6f7a9033d62,0
e2914255-4c60-4d6c-9081-26eb0df70bf2,8dad6357-2718-4d8a-99fc-60341eb65538,f48da171-a8f2-497a-b320-268de44a699e,0
b499ac36-94b4-4073-99b8-f69f17695e3c,d5862bd0-178a-4331-a29c-6c91110c13c5,77704948-49ab-447e-887d-2af82c5e8e2c,0
6b456630-a982-4b9c-98fe-07f612ff03dc,41e32e9b-8e43-4e09-9907-02642110d507,d724fc54-38bb-4674-8bfe-cf0a37b1acae,0
34858277-4f12-493f-ae5d-d3c81935d520,c36d6cf5-0d88-44cc-886e-e5269d399123,8a13d473-7946-4ec5-8a6e-6b7caab2cc05,0
dfee3b9a-9951-4c27-9a23-70b6d474bdcf,a9417d1d-dd91-4701-904c-adbc67aada67,d404b040-7840-4922-8c4f-fb2ed13db80a,0
2404e145-e165-4dff-b94f-966d3e48374f,10c2bcc5-b349-4ab7-9213-5af199b6f1c0,55790773-1e93-46d0-9614-3584f4f5c470,0
41b36fd2-1123-442c-8ecf-0dc8fa41b9d4,c82f61bc-07b6-4605-92a9-f4be1f1f6673,5fa9bd53-4630-4f81-ab39-ede8ea602e9c,0
233d171e-dde0-4d07-a5f4-99b6df108063,b7a0659a-1a1e-440c-b71d-73e4d6ba5daf,58627f79-4402-4937-aafc-11ac812b197f,0
c845f695-9be0-44ad-8f94-a9ff66e48a0c,4b9b58e9-0aa4-4be4-b4e8-37c669ef057a,d445d9bd-e0bd-4564-8249-1096b5d0fcf4,0
0f916cdd-abe0-44be-9514-1d25ef3a5771,cf2db479-38b8-43fc-a1cf-63a07c0f9343,dc68906a-97ca-4ce5-8bf3-e0c71dda7936,0
96c4d56b-1337-4426-9962-18299d115ca5,18e6b496-0cd7-4843-ba71-015da333ce59,7aa67738-a089-417a-9ea0-ffdd43666820,0
5d0ea834-e89a-46ad-a141-c339101909e0,877c6b41-c418-4801-a96d-c141685911f1,b74b7a82-e431-4503-add9-644e8240b410,0
8322ec4e-7101-4ad2-a852-9c96b431da8a,1eddc10f-e06a-41cc-99d3-ad2d73868cb8,c799d833-4d59-4fa2-844e-6b3e2bd7c737,0
7e514780-0405-4196-8abd-48ea5d12a881,9db70d37-d0bb-478b-a6fc-f9ca093b72c9,74fd8312-3447-4c72-91a5-0deed85d5012,0
2e0988b1-a88a-47f7-b5cb-62e9707448a6,9e60928a-b004-472a-ae3c-c08042b77476,611267f3-796b-47b4-97f1-0445a705397b,0
fbc047d7-3e1d-4c56-a1d8-79e9237d8851,96a54082-5563-41fc-ba3c-1a4b178110f4,c9493fc1-4f9f-4b07-a07d-095e90a3a884,0
907f9ada-872e-44e6-8aa1-4147143c884a,2cf265c8-1207-4514-a815-b6105d32aeac,20c14b91-1ff9-4227-a3db-dd5680139b9f,0
34e9406b-26fc-45bf-b17b-f09b3a5e408c,d5010433-b524-4279-9b08-570775c8228c,6982d67a-0852-434e-bd35-4da5b97cd23b,0
aef715e8-751a-402c-86ff-0976963ac7a3,dcbac771-6867-4910-a018-817e684a9208,263695b6-6d7d-4493-841b-5f0f91f84e39,0
72aafa67-8441-4748-95fb-968c4d7aabdc,9172f3d1-1871-49a6-9c67-6a022d5aef3d,93e5eca9-f431-4ab2-b5d8-70ebd85dd806,0
866a9873-4b8f-4b71-9460-ffa91a68fd47,d7862674-c85b-45c1-b956-2912dcab7936,40eeeb6f-7c34-4d4a-9a9e-25f789d16f51,0
28ba2f00-153f-410d-9dae-d93639779092,cc12a2ed-6a6c-4170-af24-732b7042f89d,af3ab72a-f157-4529-9acf-468f14c0499f,0
d77e779a-f51a-4376-838e-0f5ebfc26186,9925e007-885e-4e8d-85d2-4481a205f3fb,b0f163bc-a90f-45d5-9ffb-f6c89210b046,0
5b2e29e6-3489-4857-9cc2-667972192909,def1e81f-a9e4-4e09-a2c4-8de2290b6840,6ff767d0-3d55-48c2-a6bd-1df4ef6e152a,0
9f05f7e9-92ee-4001-ab1e-e9676a0b01cd,0b3a6eb7-5eaf-41d9-b96b-679b55c8f06a,f6dad2e4-89a7-4a7c-b904-0fdf14cbb3ac,0
719eddbe-ca32-432d-a3e8-ffda5b18d4ec,4fb33664-dfbd-4f9a-bf9e-59344272ec16,ebf96a25-d268-4dbe-8ac3-7ab2934b0ce9,0
2c7d7006-8960-4c43-9297-414420df2c0f,224f5f5a-e800-4d63-9965-c1a039684b64,b1b29bd7-d780-4820-bb67-14da4dd3c3d0,0
f4513797-019d-4e64-8580-049901cecdca,170b8efb-be79-43b8-9823-9404e0b67367,72c59869-3ff2-4a58-8176-9b2709e06b8c,0
46a262fe-76bf-460a-a6ae-27810a974a1d,062f2fbd-2da9-4123-a693-64b203a59fd3,07060d94-a52d-436e-9a5d-144fa01e4fb9,0
c6c66c47-7fa5-440a-bb57-207b2bf074c2,183befbc-bfb4-431b-96fe-f8738368389c,c2169ee7-1e17-4c7e-99eb-56aeab8cbf5d,0
13c0916b-2d3e-43b9-b96b-0d53722ce77d,c059d856-ccb4-4ac3-aa7d-da8d59dcd92b,e7e5e022-4c47-4d3b-8b4b-c04c2ec88e26,0
f69fb929-6942-4f89-839a-f8a83505abff,8a5302af-fd42-4f6d-85d5-49630fd66ce5,90656658-9f04-4a70-b0ea-5b37fcc5a6b0,0
21e0af72-196d-47af-b51f-37100c8793c8,169df233-f96a-40db-bdc9-7b8c8488a194,0350a16f-d59f-4e42-a04e-68d4e06e8711,0
83e8192c-604c-47a8-a8eb-7179e7e4c915,32ab0e3a-30b0-4034-870a-793ed6a11271,7fcd022e-f709-4fe1-9959-d892e050cb79,0
9983b41f-89c7-4b17-ada3-91c55e7f57f2,ba0da1e8-01a7-4ea4-bde2-c5ab9f3e3adc,5b3e22cd-289c-4166-a277-3af644350b69,0
da8d01b4-3c10-4cf9-907b-1b6dbf1ddb99,3df3cac3-2685-430a-b387-2c74e7913451,e4478251-1f82-4869-b1d5-aa253fdc9374,0
bf5f2894-a370-43d9-9a4b-7e483bcae035,00b7ad8e-e37b-4d0b-b9ca-2755b7b49d45,4ebe6c34-d950-4c8d-84ef-a7f84fe5d388,0
1fe652f6-36b7-4c60-bfca-c1cbf8c6294b,d6c7214c-592e-4af6-b0c6-835310a6ad9f,83247be3-88ec-4137-8046-28d7f7cb9d12,0
2ac1a51f-33fc-4253-8d6f-870b6ff7f15d,2f54d227-2028-4627-8f27-890ceb0c298c,743971e5-ba65-499f-b16c-979966b4225b,0
c07408cd-8872-492b-95d4-e156c8cc3336,e483ed83-1d41-44c8-85f5-838cd7a20313,e820f4c9-9e4a-4a26-a041-ce57423979f7,0
18f5f37c-4a78-4c2e-a584-943b57aafcac,695194df-7359-4938-b6fe-6adc2186fdaf,9e749a9f-f80e-4a68-b6cb-577f364211b4,0
9421ee53-73d8-4ef7-8290-ed6b5dec117c,76b7fa63-b6b8-4215-af9e-d4a41017288a,ca9d9e82-89d1-4b66-80d8-e5d2796386fb,0
18930b6b-b6fc-49e1-b131-fb66a8977a93,06f5582c-1c79-427c-b100-c9f4474cc470,6beb26db-1426-4378-9c35-5ca10a95971a,0
ab39b197-c7ba-499b-95c8-3060cba1747a,8f40bb36-c0a5-470f-bd88-3b7a6968d93a,b58cc02e-40c6-42dc-9e2d-aad695469b14,0
e07061fb-f0fb-4656-9503-d763f402716a,83472aa4-c34f-4876-85d6-1c5f8d501a4b,63c7b5dc-2620-4c7d-b67a-dd63da443559,0
8990e41c-a553-4fc6-b051-46ef313a570c,6d0ac390-d71d-4b2f-80ef-7df0004cbe8a,e7f1720a-e5ad-4716-a884-a4416c7612f4,0
375a592b-bfee-4e9e-b705-9751e2168d2f,45ce7ed4-42e7-42c5-91e1-2424ef7fe3b9,8af8f6e3-33a6-4a52-aaed-7c9acb6a406f,0
244b08e0-885c-4b50-9606-a446e49bfb08,f522a278-c8c2-4770-a281-929cdbeb517a,8d19a2c1-2bac-4db1-917d-feffa4975be6,0
a258e651-bab2-4768-9c99-161d26fb30b6,f7dec33f-6071-4b39-83c1-c4ad950818d1,2ef5e753-2c60-4f9b-8186-8df58f4967cd,0
3b9e244a-88d9-4a1d-af84-0c5a333e6272,4a4e1953-5150-4596-a950-b81b67897779,6de1d126-fcd8-423a-9319-51875d29a496,0
1d362aeb-4d8f-414b-8c89-c43e79a4d8dd,3de36f61-f7f2-442d-a891-7fffbc4ec3f9,8689199e-4daa-406b-a0e8-575e13cb2be9,0
a51c631f-1383-4e43-9a8a-aa1c1148d909,e695cdc3-dc7b-42d3-af02-170faabcd062,9241a16c-fb6b-407b-9e77-4d94f09329bc,0
e5c3f955-9982-4c08-8501-42d13f276f0b,add71b63-3df8-4d49-ac4c-16778f89dad1,23b0ab77-858b-4616-9d67-a19172e55dfd,0
eca58179-c5b0-4bb9-962e-0cdc9728c304,d523307c-4829-49c4-94dc-b5ded8ed92f7,92530c54-258a-47b2-bb7b-38c99667bfcb,0
b51cd250-7440-492e-b782-55a72061d798,f555976c-992c-4414-92e9-9477eb21439a,6764b4e0-64f4-4ca7-84fe-cddfda163362,0
29beae33-d3be-4c8f-b353-10dd2128b15e,cf9811ac-7b29-48b1-8071-a146a0650340,7d098e36-1385-48d1-a59a-4a1cc92b911f,0
3fe810e4-6246-408c-a29d-8992970706fa,c91b714e-ec4e-4adf-98bc-496da48bff28,bf6f9f06-88fe-488b-b197-8007af0bd5c4,0
b69f75e0-eff1-42f9-815a-2fce4ee7ff79,2e76c660-b32d-4b3b-801c-8a74d931556e,14326906-5abc-4da8-af50-19aefc630d68,0
f3f79407-c194-4534-992b-21517b80b19a,72ff8259-15cf-40b4-9121-d6f55d1d0f61,adb73dfc-4dae-4c2a-b428-cecf0b2f5992,0
921aee14-0a53-4a19-a2e8-991a5707ef0d,2bdfeb6a-de02-4620-823b-de672d2d6acb,8d377b4b-8fbe-4fdf-af63-c417baee13e1,0
59503e07-328e-4e6d-b75f-bb6dce302f04,05033a1a-fb53-42c6-9917-8fed071a8369,33fdad43-f4ad-4a4d-9162-eb2b555eeedb,0
ec30579f-4044-46fb-ac36-032c0ee29b52,9a13cb88-70e2-424e-baed-f52d32af7d21,1d5143e9-2e2e-4432-96bf-66b27dab6363,0
6cc8afe5-c241-4ceb-a8f8-580b5c93fa25,a374ddce-f11f-45d5-a8ed-b512a65fae0f,5a4b8148-2c81-479a-afa4-19ce22b3b327,0
c0f17b5a-8368-4aaf-953b-829f5594ba93,fd319c85-1aa1-4495-a3ef-7dbaab87c12a,c43d4ce5-a935-41d1-8b4e-d342b5b3c3b1,0
e564bb2e-9271-4576-82c9-c078ad6104c9,c59663ac-da39-4914-a579-20ecc8e15651,88e0451e-c01b-409d-b4f2-5a7709418435,0
790a5b7a-a688-4fb5-90ed-d4e2eacde8a3,9cdc1313-6ee9-4c7a-b5de-cd48907e2136,cb8c4e43-3413-491b-8039-7b59ea5958cb,0
5c219bef-b424-4d6b-aa3d-1aede2e83c2f,5a46a3a7-f9d0-4b49-aa91-ce2fd63a1a1b,6171650a-dc06-45e8-9843-fd76d7490763,0
4e6e48f0-8ddf-4e6a-9193-841cae2d7711,aa104bb0-ab0b-4698-b2e7-12826469afab,7a4109c5-d138-4412-9110-8ceff0460ebb,0
01eb5018-e211-418f-ae9f-9ea37a405e83,9e656504-0cb4-4170-9857-1714b9c39a19,9d54e2ae-a706-476c-a353-c787291bf575,0
7e0ef47d-7ec6-42d1-9c39-879370e32551,0b9e46ed-497c-40a9-b0c6-4af83295551e,4caa13bb-c12c-45a5-92b4-b4a27a25f079,0
40c847af-1c4b-4e10-ac32-cd7d4f69862f,f41a53a4-8c0e-4cd6-bea5-3f2573a4cc8e,47df5e05-a80b-4459-be50-18cce745dbd7,0
6a6295fe-f45a-4c4e-9056-2cac2ecd9393,45b9126c-1bcd-4c48-84cd-f3d924160a6a,bfdeedbd-5203-4301-b44e-f6f65ee72191,0
a2c44178-d24b-4055-95b6-feae376f6924,a422a71a-5ec4-40bc-8da6-dd551339ea94,457bc7c7-e635-4eac-bddc-f7b2a2fcedb2,0
362efe97-3912-41e0-8a88-134c39458a3e,2b32d5b4-4f9a-40ae-94e7-1a5e032f5411,bf405dce-4027-42bb-88aa-96deea863a73,0
1998ec5a-864d-4fe1-93ad-366ce2e8555f,917c61a0-dada-4362-8ede-efe1059671dd,36e0fd50-cf9f-4e6a-a658-c3964a5e8666,0
c8fe9e64-4016-4fc6-8a2f-a0213a0198b6,5ddc9ed3-a2f0-45c8-a0c2-5853b3bd6d6b,c4ba8168-e046-4109-a923-299fc4f1a144,0
47d8e3c3-de5f-4a50-a2a7-b9e04421af1f,e4f89ba7-569f-4720-be13-1f6d9fa52266,665466a5-da24-44cc-b1a3-37f71f85b6bb,0
e7455535-7ad6-4c7b-a131-f310594c8e69,66f7aac9-34bf-4756-abfa-91713d8fbfbf,f4bed0b2-cc2e-4748-bd5d-d8e3cbdaba5c,0
324fff43-d13c-4cf1-a771-9db10e5a4d3c,4c8e74eb-a331-4030-bb14-ef51735c3861,351aefd6-274a-4d7c-b6ef-f0bf13a78ebc,0
d97f2b54-094b-479b-8db4-5e6954f881e9,cdf5f07f-b131-42d5-bafd-3932c6ae28e6,da4c239e-eb0d-4b4c-b52f-5b0e34186d62,0
2d602f61-2312-4f9c-aedb-79a1f24564bc,a05f748d-ad6b-4aa7-b2a0-bb7f1a07d967,869178e6-3ad6-48cc-abea-8e108d11e932,0
99657ec4-9969-44fe-9d2a-5503fa4ee092,a518c7c6-3fbe-4cac-9378-21f672f4a9e5,1f2480df-a876-476c-92c0-c07fab897383,0
f1e15256-97f3-4867-90fa-63badb73c508,8b9d8d63-8c25-4c7d-b8d0-4c0cebc97012,9fe59926-b0b9-495c-948c-65055e556f86,0
d2af9398-5e58-44d3-b8a2-81fab81eb09e,e6464805-c815-4b04-9aa2-b55bc0223195,1cd43b3c-6669-45e8-ac0f-554a185a8044,0
c1f49d43-a62d-4396-8c90-f4684e6d2894,d7c48330-6d3d-494e-8a6c-f4be77e622bd,e96b38c1-ec98-4dfb-823c-ffa31b7778b4,0
79724ca4-d240-4e4c-a830-9cc63c1bb70e,3cbb7ecb-0902-440f-81fe-1c1f68211aca,a5313d4c-7951-41f1-a2f5-53dfea46c321,0
2619346a-47a6-4f5a-8d89-e4e8faaf5f96,0b243b55-9929-4666-a2e0-9adce4cd4796,e6f56ab4-db78-40c4-a96e-89b9c814f659,0
61b519b3-d567-4630-9854-1bd05d65bc0f,9d7edab3-69c0-4406-8459-4fd4e8dc97c3,79159d32-8f8f-4cf6-83f7-05e589d3a134,0
7b6743a3-afdf-4ac6-9862-904f5ae3b421,8635fc20-948c-4b44-afb7-306af7ed3492,2166a93d-727c-431b-aac4-5320b1d42465,0
783e0a69-134d-49d6-b185-a1d22397d2df,605272ea-5184-4607-a276-fb61a04193a6,45000070-a287-4357-860d-d105acf313f3,0
3c29e198-eadc-4e3e-844f-763e7982a942,e1ef885a-f316-443c-a4dd-4c1df32fce57,c4f77b41-b651-40d4-9cda-705c8d8b8506,0
2bdb008f-79d1-49b3-b49d-14a0047eca77,f20e5063-4524-4a95-8ab2-239da885b0af,77385ba9-bef7-4243-b46c-54a4e3c825c4,0
2ec9f984-f0dc-4b68-95b5-a9b73b210827,633ac635-9c6d-479f-b5a4-ed451354af6c,b9826f97-a3cf-4338-a275-887977b59879,0
2d7473d8-12ab-46e5-a500-4a433c4a68e8,92840fe7-7a0f-4bc0-9cc3-b517ed9437cc,1b24ca03-f714-4d5f-9108-582557de3d42,0
c88c9906-b2c1-4dfa-b6fe-ccb4990a799b,e2e0de34-6eb8-406d-bb63-c85e7b7ec11e,0ccd1544-b529-41db-837d-7917ae598baa,0
1eea693f-b5a2-452d-a109-3071bcb9efe7,d7a4e365-923c-4db2-8630-b51cc5726ca0,80c894cd-86d6-497c-b889-5b9f346b110c,0
44e7ceab-8397-4d63-9bef-f0bc6df570b2,59226a71-c8d0-4ff4-8c5f-a3e81e58ca34,398b1f3e-4e1d-449d-be83-019aa8858e27,0
b570b106-3eb8-4442-a98e-c8430df9ca4a,c3fcf327-fa72-4982-b028-732d1af170f2,414870b5-69df-4ebc-833b-818204eca1aa,0
60981785-41e8-4b44-a3db-b70609412e9a,c6bcc762-04f0-4c59-b21c-128665f3a3d7,02f5a204-e1ff-4b2f-ba10-6edd4ef23018,0
b7cc1448-6a9c-46c5-8ebd-dc85eaf42a0b,e78f77f2-7267-4f30-9bee-59772ca405cb,2a407087-830f-455c-b477-6653df52eb19,0
fea2c598-16ba-4515-ab09-7ee66a13ebd8,20d75443-db22-4cb6-95d5-77f95681c8c5,b9fb8a84-df8b-4bd3-a750-86cebe84a8d3,0
2e89c762-7ce0-49ce-8a31-f5e736f26525,242e13e0-e8aa-46e9-a7af-b6c3d822c3a3,7068d923-c0ec-48c7-9f6b-21d7b6857bf2,0
b6073edc-ffb2-4f26-bfa6-0a3f166c9fa6,a6b6006e-70ea-474d-8a24-45b9ddf10bf4,3a8fcccb-9a33-43af-b7e5-fbf754d8a81e,0
36261587-b401-47bb-ba7e-6b92ab13843d,55713935-3740-4f1b-9c8e-6817ae7e9d42,ef9946c9-cdcd-4be8-917d-c64e392f0f48,0
90c781ba-e53d-4432-94e3-70e356838f89,6136eaac-3247-46d7-953f-b0c0f42bf3af,77da73c1-58db-475f-befe-b43ed4f65f0d,0
1a83a1cb-c431-46f1-9708-c6adc140e446,61ba653d-db0e-41a8-807d-fb8e4d6e7636,cd1a534a-d26d-433e-8110-3efac004995e,0
566f80c7-7e81-4a2d-ae37-d97cb64eac46,b72e567c-c774-423f-8994-7cc215252374,387276ef-3357-43e4-9b69-59dec80ece38,0
5b1402fb-d7ab-43b6-9c74-158857be20dd,25e96458-27aa-4925-9c87-51d3d0c95c92,7d581118-fbd7-494f-81b7-d597ecd3230f,0
5825f4e0-5b36-4acb-898f-4ee2345fe9a7,3492c8f6-56e0-4212-b232-d4689fd9b8d7,36a4f58e-aee0-4ba3-985b-81d4d774e968,0
a14e2522-e992-42b9-ad0d-b1b07d1a7762,49d72e08-f64a-45fc-8280-6b49bcacdbbe,bfea48bb-b5c4-40f7-a137-40d51087774b,0
360ff32f-dca0-4a4e-b158-65a9d7423ad8,ce31aba5-8e39-4e5d-af2e-c0a51da8ac6a,8620f59f-1efe-4f33-b10e-a008a59d62a0,0
e5192d4b-253a-4e66-aba3-731e9df2627d,ddfbf6cd-debb-46d1-ab56-3a7a0d780f48,487b8ed3-8b78-4f02-a7a4-b17f51b1228a,0
ad09c3bf-d254-436c-886b-0e3012c10eef,7dd4cf4e-0988-492f-ba63-109cb113e265,79db8454-9e30-4050-999e-86b7735467ea,0
00753a3e-3a40-47db-8496-f0c197593ea4,0d2c5cba-ad7d-4b29-b0ec-4eb6c42b9c3f,0895c90c-1cad-42cc-a12c-4c508173bb3c,0
21355a31-c8f0-4db4-be76-d3c1f0d219b9,a7b611f6-4fd7-4b26-9564-3a2d961c8f08,883effa1-2226-442e-894e-dc5596384ec4,0
23dabde4-672a-449c-8057-ef5f0977a3e5,8db750ff-cdc4-48e9-9e80-cbf9c8761fe1,e76c0165-5bfa-4768-869b-67fdded4944f,0
b2f0f7cc-0fcd-4ad0-8498-11eeb62b1959,7a0465b7-662f-4c07-9ae4-50fb4941f79c,5a00de2b-8ee4-4a5d-9f25-8c75b01c84e5,0
a1d98676-9374-4dd4-bca4-523e25ae3fde,f4b8d340-9d37-41ed-bc99-d3c3b96c462e,2c7d1f67-a3b7-487e-80b1-3da5c4a612a3,0
44d25ebd-659a-4215-950a-11ccf69d204e,d90871d0-bfac-4858-9118-16998baba2b7,139d35b3-2345-4668-9553-bcf0342e9151,0
7ccdf28a-0b80-41f8-8e14-8af689266bdb,2647254d-30b5-4c9e-862e-7a970925771f,1f284025-593c-4657-bbc1-9a0b42c81d92,0
d7658457-aaf4-48fc-80dd-b24e0a3ca041,c182c10a-1353-4b5e-931e-f3f00e82b22d,96e8833e-36c8-42f2-b358-ff72ec7a2f13,0
0fe6ddfd-4e45-42c2-afa7-2c1d068d58cf,6b035efa-31c2-4d6a-b3ee-9b95ff074bd0,4b6a0f67-ab94-43e9-a2eb-3640ca906294,0
a34e0833-34e6-4102-ab55-db78131868d3,732b1ada-bd41-4284-b25a-9077dcfddbf2,27c48763-2fb3-442c-94bc-60ee24cedf06,0
051c9995-1dcb-4691-bd93-4aa29c458a55,8ab8796b-a4f2-4247-a8c2-86645ec65325,c5d10aa3-c6ad-487b-b3fc-89728325ee17,0
b6404ab9-596a-4694-b38a-c6b2578e1d62,81a77391-040e-4722-9aaa-c7feefdd5d4f,c5eef50f-346e-4d6a-9ca1-4e8beabdff3c,0
2a8d86fb-0327-4fd0-9047-fa7860595ec8,6bffa3d7-b4cd-4893-9421-40ef7f64ff25,d5b49f32-0dd2-4ae8-b2dd-8606cc7b183f,0
d2f31525-0c28-4cc8-8fe3-022fc3f5c13c,ed87d327-3bdd-4ac5-8691-101cae8eb76c,cc2625cd-8dc4-407a-99ca-b1f1bda9211c,0
df7428c7-db76-47a1-9307-ccd65370b6ac,f3918e77-4610-42a2-98ef-82de87019540,43870ce2-0d16-4c1c-bffb-67af74017117,0
8a983e60-56d9-4e54-b769-a1c055121e4b,d0f32f1e-a859-485c-bf28-4e22f9f37dec,af57ffdd-f06d-4f2e-afc6-fc95beedf270,0
e68de020-84cc-41e5-952d-d49dde173450,3be7a1a6-df35-459f-aead-5243402ec54f,cfe91c03-9465-4892-890f-49651b80fb07,0
74890985-7c7b-4ef5-ad3c-af338cf9ad81,df4dc171-64eb-4802-8b96-cda1e4fe8972,230da298-593d-4e47-9215-a93000729317,0
464e52fa-26e3-435d-a250-dea8ebbc4088,4a2dc0ea-6e7b-4953-bc3e-c22fd76ce196,921207d1-e29c-4970-b49c-738dc788ff17,0
34444d3a-30c4-4301-811c-511a59d86c72,4e9749c9-0c21-4594-8c52-6e709eebd3c9,d3402f7c-6cc0-4d46-9c53-100aa786b85a,0
e55aa114-5358-4cf7-ae3c-caea9836ff19,9b9ea8cf-dc41-4c5d-8df3-294048881a4f,f5542b69-82a4-4040-97b5-b31c8c52c772,0
30d9db8c-c71d-451f-a09c-abf4015b273d,5d430ef9-3f65-4561-96f2-bb37256514fe,84f4ac25-89c6-46ab-a788-a6b72982ca2a,0
931be1ee-1f46-4db5-b58f-9fc951e14e18,73d2af45-e5a0-404f-8ed9-0b04e2ca076f,2bfe3ca7-df70-4d13-ae89-4d2eed8fce4d,0
a9926a98-bcad-4968-9684-18ba6f4f8176,3c095bfb-8ce2-4f16-a439-a432f54d0d5d,be3d5e8e-f2ea-4403-b026-6c6aad13ed85,0
fefccf90-3602-4026-b810-081ceb06791e,28cb5dfe-9d6b-4540-ae38-2475a4efc537,17f26b6a-c0ae-4f9f-bc5f-f704a0a79463,0
c37b7be9-d191-4289-a324-c079c613063b,7ad28c08-e372-47e7-89bd-33245dedcc01,7cae9a7c-0df4-40dd-99bf-f4d9a02a294a,0
8d7b5730-7fcc-4324-9819-7470d2b8898d,e45e47a4-a460-4d46-9698-dc7fea5300c9,c8d3ddad-90b6-41bc-9ee2-b0c0efda5aed,0
207b6289-2350-4aac-a413-db9af3d4979b,4e68b0d3-ad53-4f70-b5bd-35d40a50ba49,2ba19065-708c-4cc5-80f0-b5207e699f93,0
25e8fadd-17b9-42f6-86d4-b45697a69b3e,40844983-03b6-4aa4-b556-7d36ba38f77b,947ae2b6-54ff-4f82-a69b-febefff46e1d,0
ddba7a4d-b001-4876-a008-85538ce476d5,b9f127d1-0325-401d-a4a9-f83f9362fc06,5386d12a-4700-4bed-8a57-15474bba887c,0
1cf5f745-94f8-48ab-b3fb-7401fde86907,f216c85a-3f7d-4033-a6cb-8f9d685a77a3,27fe2ef0-a286-44ee-9e79-46d1ed916a8b,0
f184aaf6-3ce4-4bb0-a4bc-5c5e504a67ac,dede20bf-2f3b-45d3-9cf0-59a1404e5433,f076ef7b-676e-4a63-93c9-4d8c8cc34826,0
84062396-69e9-441f-9a58-3bfec27dc777,4501a0ef-519d-4b9a-8b46-ee6a37112610,b4676cc7-8d5f-4747-a276-21c3f29cb675,0
61951ce0-0dda-4d9a-8de1-947fe07fd856,8007bf7e-997f-4618-a895-6ac1b6d7b03e,3c466652-abc2-496f-b814-5d144824e437,0
e1fad123-6936-4811-931f-321d69e8104e,586274d5-912a-4b99-aed6-455ad3feaaf4,2a8882bc-467f-483e-9738-b8a7b3101fa1,0
27aa183c-a478-490f-b2b7-e1d4ffe8d55f,a7a1f180-04f4-408d-a35d-64d4707f8c3a,60739b5d-59c3-4e8a-9df6-86257bdb43a0,0
dc5f0812-5803-4151-9c23-299ed905e8ce,78dc0bc4-21e4-4f4e-927b-d807977a8cc6,1e1186f5-4811-41a9-849e-d1c767b0bead,0
5b2280e5-7353-41dd-bb00-594d55a08fbc,9bb8b292-881b-4641-8d11-70dbca5907d8,57730f32-c795-4438-94b3-2af2d03d07cf,0
69a1715f-f2e1-4364-819b-4942571303a6,530e41d0-2ccc-406e-b458-ed31c7079d2c,62816ae9-f784-4405-bd42-88896af9bbde,0
8d7b0416-a52e-419a-9044-2aac9513ce30,82859500-61f8-4403-a64c-f93023762ccc,2ea57008-242c-4098-8e37-ea9e0580836c,0
643d9e1f-61e5-46e8-8a56-fd68fcba787e,99e8ded4-f654-45a3-a684-e14aafb408e9,f3f31b93-1be3-471b-a24e-f7baeb3d3519,0
e3e62c9e-5746-42d6-a359-c224bd8981d8,9b17b68b-e13d-4684-9f02-8cd1af0136b6,92896606-f910-42dc-8a88-de40e2916b0e,0
66bb9890-3d17-4203-8195-301656f0d673,fdf98ed6-40af-441b-b4de-3673df5bab60,e7d7d992-72b3-479b-9532-c99145b3f34f,0
909c954f-db17-460d-9594-47864c20995e,0973a2c9-516d-4a31-92c5-0bf382202a15,036e64e3-7db2-4f62-afac-25d1feed9f92,0
72c4acbf-f0c0-44b8-b010-599442f9171c,439b17bf-fc13-47bc-a202-63d212f9ecd9,c34e9860-3732-4c93-a48d-dd4c98709862,0
7f1f4c80-fa42-4cad-85cf-17d47bc2b687,d2927f0d-14b2-4e22-a57d-fe7b1010bb0f,9c09295a-f774-4522-8fcc-9fc9e8097510,0
2d70ae5e-d22a-4fcc-8f91-b0cb8f974b15,e13abb78-c094-40a9-9609-2108bb320995,dfae08a8-575f-4d76-852c-339c77994a7b,0
cfb1eaa6-7433-4c02-8ead-b6db0016c9d2,9aa12077-27b7-43a7-91f8-2ad28d7572fa,ba9672ec-1399-4c7d-ad1e-e92f1cf8dc10,0
cc2a6912-e3a6-4ca5-8084-59a42d71dafb,a4eb6a21-9d20-4fb2-b101-ef5b73b3740a,116c2587-0258-405a-9ab7-db82c2c5c96f,0
c3ba695f-e2ad-4313-8c2d-0e383dbf3ae9,01a5f703-f155-4c67-b4de-366352804597,fc5c149d-4854-409e-ae2b-015c4fedb8b8,0
973b4375-e3e5-4d34-9be0-282d66845a7b,08a246b5-efd5-4ec8-99bb-ed708b711ed3,da16c748-ea7d-468b-bef5-521dc4588b5d,0
0ec74057-675a-4dfc-bc65-5fbcacb5aa0a,8b640100-89b5-4057-844e-c86056102ea0,80d0dc40-06aa-4436-a015-1e15774798a9,0
52e3f5f4-6020-4f98-a6a4-2557aef88d35,983191b5-a72a-4775-b314-d65635ba4bce,df0ba137-9aca-4abf-9326-bd43eb756e4b,0
cf53929d-3066-478f-8dad-9e63faf828be,57e2f30b-5eab-4eee-8188-b58c514c43dd,c012d4ba-2d93-4109-99ba-2662cb64aa3d,0
abd0e955-b0c2-4b12-8f3b-af3c59711581,d0ef8b03-e66d-4d0b-b5b1-dfb624ffcf1d,b85a8330-7b0d-474e-8b52-dbed6266e4ad,0
c687d767-94d1-40d2-9c5e-205834d96127,f53b49dc-6857-4d16-adc1-4865453e4553,4a31bf3a-acae-4dc8-bbb5-1c670aaac6a8,0
35640a0e-ee76-48ae-884f-30acfb6f2535,af0b6e40-e1b6-42c5-a533-b9321cf7621b,3336044f-9603-43d8-92e1-a0cc000fed69,0
8c7241e8-5688-467c-ad31-320cdd216090,ef4f4f00-94e7-4894-8eea-fe9cfc6372d3,9bfab330-acc4-451e-b1f1-bd7ce4e00c0a,0
2c6f9af6-a3ea-40f7-a320-f21266386c10,8a7d94a7-d35c-47b3-b363-efe6adae7cad,5561e82a-325e-404e-9a4c-fc83e0279154,0
37e0476b-7649-4721-8a0c-67989518a322,cfbfa595-7bd5-4760-a479-575c397abc61,691efb24-7177-4f3e-8371-a708b8e31011,0
d6ef092a-1ce3-405b-8dbc-f17051c744cc,c404d287-6d7b-41b2-b750-06a6fbd01b8a,e98d138d-948e-431e-98c5-56e9f87da059,0
4a0ebeb2-ae94-4075-b05f-32bc74e31048,e8be051f-ed1b-4bc3-bd3a-c8eab9915294,3c97d719-37a0-489e-ba64-0399efe6062d,0
77c374fa-b8bd-4f19-a8c6-321a835c4cee,f3d4cd66-fb57-4ad2-b79e-f18fadfba2c8,3ed696f7-8e0e-4a16-9c22-5a40e50b191e,0
7e26bf99-d099-44f2-8d36-cdbbfa1a3efc,edf7c5ed-77a9-4c2b-aa3b-32082cf69815,ca8fae5d-849a-40fa-9315-0f43e4ec89b6,0
3ead111e-3af0-4702-992b-5da80149c735,56cce83a-29bf-4e3a-9c41-43002c45d2a5,6ee64b66-7ec2-4d2c-a905-b02c026e8b5a,0
54bcb491-dfe3-4866-ade4-ba612c43c2b1,0fb67ba4-07b2-4088-9b03-e4a5ddc86b39,73badbca-1728-42b5-8140-b2ea3d173e18,0
28fb801e-9530-442d-bcad-ec5da3140bc9,a81aa18f-d6de-4a9a-89b5-db9adbd5fcaa,3ab556d3-50c8-4d47-9e7e-9e14eb546fe5,0
aee89c00-17dc-44a6-bdbf-1a2c3a5479ea,979ee00d-f60a-4014-8ce7-df527d1aad3d,edafdbbe-045a-4037-ac91-ed7108d33c52,0
7d26c3e8-a63c-482d-8c1c-ba0cad8e8d7c,9bb2d6bc-1bf9-4ca5-b29a-526215fcd786,d979aa8a-3a8d-4fee-b57c-d50ebd8822e5,0
fa338c93-c293-4884-95c6-4cfb07125d33,419aa223-78fe-4547-a604-9c011afad803,12a88afb-642f-4778-b7c4-f5ddcb2e0281,0
91795f48-18d0-4075-9bfe-29f0a050f04f,4ac88d46-7c96-4542-9029-4ce0af927bb7,6a111805-11ce-40ec-92cc-2269c8a6ecb2,0
29254ecf-2fe3-4fa3-88b7-ff28b7fb5f36,de362291-57e2-4092-8811-21a56907fd60,0dbe5d15-cb1c-4ec6-aa6d-9e3d57581f5f,0
a082d2c7-6421-44ae-a4ae-04295d6fb7a6,0249c818-638c-4c3d-be25-480b28448005,d15cd29d-f42e-40c9-8862-3e1fc447b626,0
f5f0c298-d1e2-479b-9bb9-31c959f6a235,1ff10ac9-d132-470b-9353-504bad246ab8,800a08e6-671d-407b-b775-d95ddd77a903,0
f0adecd9-a95b-45dd-9d86-299b8506de39,de85c019-f8b8-40d9-9878-ddea345d5e33,8f577c41-4aba-4fbc-b849-cc24accb239e,0
73dc1c04-db70-417f-88eb-4d93f90a231c,fe330628-192f-47da-b8ed-ab3ca7527e2c,cc973130-bfdb-4a9a-96f6-7a3f5c370679,0
241bced9-b701-4e53-8d36-4af33b67291c,837eee87-5602-43b4-a724-f512b7ece287,7f918b68-9c08-4480-b44d-5cb7d5053bea,0
47b5e5f1-0d0b-441c-ae37-9f32f53e1eb2,569dbae6-045a-4b0c-9e8e-5b020a166893,1056d2e0-1768-42ad-8f3a-a33b46c18c2e,0
aeee6005-b494-4661-a8bc-23a62db468da,b623292e-664b-4cb8-a764-8d5840933877,53c77cbb-2514-4c08-ab33-836b323a4bea,0
a58f2613-60d2-4068-a55d-1a16b19235b2,007931aa-9ea2-467e-8c84-06421e1155e0,65183dcb-6738-4708-a4e8-37910e37b090,0
94df7d51-9006-4eae-9803-41f0f169030c,fa829cbb-f51b-4f61-b54d-d5872db5a828,1a9cb725-a1b3-4d85-8437-9cf86917b912,0
aa73b001-0aba-450a-b967-1519cdaffddf,3e3d97d9-10b0-496e-9ce6-f6883fff06b0,3bebe0b8-89fb-4850-991f-81b3548176da,0
2067b5c8-a3c5-4224-8086-4ada628168dd,d830eae9-b700-4eab-a867-e12fe2450d72,eb5bb2d0-6c10-470e-ba9f-ff6a79fe30fd,0
b7854b88-e20d-4178-8f43-3cdf76a11c45,73f0acf1-2afd-4aa4-92df-089f35da958c,9924b459-aa3a-4fdf-b745-6b87560b186d,0
631aaa95-574b-4b5e-8b58-f82acd4bc0fc,79483be5-59f7-48b3-bc57-d79fb34c3d3d,28ed5f8e-5ff5-405b-8ae3-8561b6f9f35d,0
b0657488-c585-4f42-85c0-f0f4b72cd36a,5fcf3a99-79d3-41cb-8c62-be9c234c1c71,b85714cd-89a7-4d2d-a5d0-561e22f2ec2c,0
b76041b0-5d00-47d3-825d-4a36315bf3f6,f617bd8e-a5cd-4a42-a1bb-1cd9460aac1f,f1fe5775-3376-412a-aef6-63f35af36bac,0
74bfc10e-0450-4f25-8ddd-b49b621f6075,592909d3-814c-4eca-ac08-20d8efd2e6b9,d1917504-6a60-4af6-a571-b215c299de80,0
b0c9a975-e535-47fe-9113-bd49a71b1f32,1b8d60f5-9673-4ce9-bcca-29356ad326bb,5b73d45e-034c-4689-b212-62e0f9908316,0
c0071638-0cb4-44cd-a335-01023ec680f2,3b722ab6-f7c5-40b2-b6fc-cd95698411cf,3b9d8729-2978-411b-a6c1-985fe858994d,0
6a5352fe-350a-462a-9fff-587b5820a07e,70b1c3a6-c3ce-4058-9cbb-c2b1785d140f,84a70e2d-b769-47b6-b191-e9880125337b,0
d901199d-760e-4a93-8ed8-ae604cb0d790,aecd8556-1795-4f54-be40-8132ee4f381c,6d7b13d2-fa5d-48a5-9ee9-3eb4e0a9a467,0
60c326eb-9ae2-4c2e-8424-88a4c26b5725,8f06b99d-ba71-41c2-b7cd-1470d9a38645,23d35b8f-746e-42da-9cfa-4a36cbb67ef5,0
6a121ad7-6ea1-4b55-af83-f54507df4e4c,42db2160-d1ba-4b0e-ac01-fd88ddd36d17,7af292a3-2740-42f4-abf8-4be08dd5fa83,0
712a09ba-2043-4865-8c7c-0aff8901ad29,c9429fb8-a1b5-4ac3-bb52-18f00ddfe3ea,3bd466db-9249-4079-acb3-25e6ff9a7cc7,0
49744b5d-6c5d-49a0-ad4c-4c8492a1041b,7233850c-be34-4620-8361-13c2b8d2f2c2,67d593d5-462e-435e-bcb8-bd6047a9f3ad,0
20d093d7-58e0-4ec6-ba14-312bec61f5bb,8e475346-c6bd-4c32-a512-e232357cad79,babd2d7f-05c3-4138-8450-9c05162e97d3,0
7f6de681-2382-47cc-b6a7-704c4c7010f4,b4d028da-cd1e-4152-893e-0438869f4375,25501e81-2fcc-4e65-9617-e6c5af4c50fa,0
9216b42b-e039-4751-ba27-4aa17c404da8,a0701815-3c5e-4907-9dac-80bd9c4c8edb,eb8599ad-e289-42bf-ad95-58232a2504cd,0
1b497064-51d8-41ba-9472-de92ca95ea1b,d9ac1aa0-7f70-4960-8a1b-ccb7ba009c0f,73e823b0-31a7-4ae0-9264-2d9f11615d7f,0
4ba5ba73-73bd-4613-928c-9adbb5acc9e7,e87c0be9-4cfd-473b-8d59-8792cb69b17f,305d8066-53b1-46be-b84d-ab8d043bc74c,0
5efdda2d-7e0d-42f2-889d-6060576c843a,618d2ef3-77b3-4ce0-8cae-ce9525b86ed0,109ee6f6-b2bb-4652-95b0-2cbbefd2c45a,0
3ef491cd-e52b-4d7f-9543-c2482a7ab140,74843e43-5966-44bb-a182-37328a37ba40,13e830f6-adc3-48af-b2c9-a34fedc71408,0
58683633-454d-4561-a21f-ca0178f282fb,d1220d07-f9db-420a-92cb-eb50ffc5eb7a,768be3db-ef6b-4498-9455-966d1d96074f,0
96eb084d-4008-4f77-8f7c-df3ca45e1c17,36b925cc-799d-44ed-b1c5-307017c1a00b,ae187b65-d1e4-4f38-9f15-a80bc0a00eaf,0
f3a72a5c-1d1f-4357-af5d-3f1c7690d33b,e75d9605-e19e-41e9-a526-f74cc98d2e5a,9939755a-78d1-429d-9794-cef28b85c283,0
eb6d1ad8-42ce-4685-9f75-03e14c55199e,f4b31a82-71c4-40cb-b7e0-2283be49cde3,90a20a17-fbb7-4bf0-b516-904327840db3,0
b33c4ab2-82d5-470c-9459-cec52aabc7e2,a3e30430-05a3-4d19-a652-cd6ca7c856bc,c4411868-688f-4662-8a5d-b9a2ac8b301b,0
897d8e37-260f-40ee-b6e1-e4d2aa06e5dc,af67947c-e3fd-40d4-8375-cc093e86da04,1a405993-8fd5-4b66-b7c7-dc16f051159e,0
c431c307-f65b-483c-9aa5-594e08f388ab,6f71ca17-03d0-4327-986c-87af2e59aa29,1c46a9d0-5b35-42bc-b721-015ac757277e,0
64a077b4-8dca-4721-9064-73f0e1593650,ddac95f3-eabd-4d35-8f04-40dbffd3af37,4a729c00-a12e-4d45-9c9a-6adf4274f2de,0
322a98e6-e4df-4068-957d-86e2a01d48d0,7459aa19-ea24-4e2c-83b6-02fbc8b9d2cc,6318f3d6-c6b1-45c1-8fe7-08c6f73b7af9,0
6d042112-50ef-4178-8e2e-8b94947c7889,0a9d9cee-eef6-41c7-97d0-d5003a6d5712,cb5f276e-065f-48e7-9c0f-1d9f0e11b61c,0
d52db664-12ce-4d46-8d16-f6a88e1f4446,a9edb58e-b764-45d3-92dc-d459be20e9fb,53ba6a4f-98b7-4004-97be-22b08bf0ca9e,0
f07a1b93-39a9-41e3-a861-6248322a5505,b3b752a1-f9eb-4fcb-89a1-8c13afb1f3a2,90777384-b9df-4f63-80ad-8083df1b1c57,0
a210a730-2a66-4445-93d2-ac074794aa2e,8c229597-3082-4798-9381-77b97303b27f,40f58421-691c-48a0-892b-e7d991791538,0
8d7e402d-6d51-4deb-b37a-227e18c5ed57,d455320a-f90e-4fde-b989-b1758f930260,4bc9cb74-abee-4e0a-b98f-053252b7731c,0
0b9a2767-ca0c-4308-9dbe-a7d2c412fc44,ca098fa1-1fef-42f3-b9e9-10724b8f2072,d252488f-d519-4a64-a914-3314df66b03f,0
6c434b63-b2ee-4ed1-9645-24640e61c8b4,a8bc3836-e6c1-418a-bf72-f0ad7ac25c5b,14d3b370-5ac0-46f4-93c9-9a15452468e2,0
87a1b611-05e8-4f6b-843d-6e852add2d01,5237ab93-9375-4503-91e7-e9670f1179fb,72f39045-0713-4507-a441-400ef72e671e,0
76c432dd-c69e-4cdb-b72c-dae3349c4cbc,568cc4ec-cc52-47f3-8704-6fa7c1edb037,bbb8ef90-baeb-4b7b-b041-1df8a353a7b5,0
80863e60-95db-4682-b3d3-2c1784cbcf5c,1a52cd78-1939-4d73-aba0-d63c985c58cb,c0ee97d5-e2cb-470e-b604-6fb97e0dcd30,0
3dc39a55-74fc-4228-bb86-835532a601a6,dcb26754-1240-4e4b-96ac-bc514c855ec7,10deaf7e-4ff8-40cd-b067-c69df3f438e4,0
54691abb-79bd-438b-a5b9-658160706a9b,82a045cf-5387-4b9b-93cb-24cf6debf0d2,54fdf1ca-0e6d-4999-a867-47b59cff5628,0
a5d8c0bf-3d15-4cc5-bcbb-079b6a95284b,5e55f157-85a4-4017-8eb1-907f119fe931,78ec1b0e-a0a7-45c8-91df-c6ade7b27855,0
3a88916c-8482-4245-98ef-cca1f58ccf21,1f67ecd1-5933-4c11-9806-b60841907b8f,95cd44d1-7230-4374-b7e6-3323b679b4f2,0
8cf55fd8-3d99-4e84-b8c1-701a01d90ddd,cb9df6a0-9f45-4027-b118-9832cb64bf62,b30d5b27-3e9d-49e8-8075-b87cb8026c6c,0
731c9a3e-bcb9-4002-b563-7777fc4c5a70,d300f7d1-2625-49a4-ba2f-51d2be9855cd,8f654211-7e1e-4f49-a84d-d4003ad40b16,0
c048b0c9-75a7-4beb-959d-eb736f8c147e,a368d306-10df-471a-9517-5572473530d0,e9b2f6f3-d3af-48b4-8537-416ee93b6ecc,0
79a9ab38-b900-492c-bfc1-7b2d6165b876,68470072-fd72-47d7-bdcd-44352a013d8c,3082ad4b-1784-42e2-ba92-58c2e84928f1,0
0ff15d94-a06e-467d-b163-81d15a5a783e,3ffcb7d5-9cc5-4ac5-920b-43558c5cc744,b42f9b96-4867-442a-9043-fae83f6a4147,0
4a94a5d4-3622-40c5-96c7-70a4d46c5b70,387f76e9-c4d1-4e62-a463-f11abcc45f98,88da5588-77bb-4136-a9b3-df7425f5b117,0
277423c9-7bd6-4adc-8b9d-64a0b97ad6e9,8beee375-2eca-4eb3-b6e7-2cc98a5c174a,ff8e2a7a-cd26-4ea4-baf6-838a752198e8,0
98b707fc-c803-4818-a38b-934c6971e017,831f6709-6dff-4432-8a89-4388e8bf4d25,3077779d-9b86-450e-9cce-46341b759f41,0
76ab4bcd-47bc-4067-96d1-3c8a4e17534c,818effe5-0818-47e5-986d-c361ee8633ac,6e786dd2-7fd2-4c0e-9910-6e861c560bf5,0
5aa39c0a-5e23-464b-b794-2555d940d698,0202fc8b-7870-41eb-917a-0870b931cc6c,3888a57f-687b-4f24-b1e5-dcddbffb0588,0
520961be-933d-4559-bcca-39899e2445d9,c4d0cda6-09ef-411b-b0cc-e14da41add0c,d99d09c5-e681-44d9-abf6-f0a94ed765d8,0
169837bd-3c3b-4d66-b60a-9800a64a3a41,72696296-50a8-42a2-82ca-64762b4a134d,04520332-646e-4954-a165-b6b3d9ab80e7,0
5ec1c1e5-391f-4726-b9cb-60b820056dd0,54aa7c99-dd1d-46ce-9620-24b17b02f238,0e9d3245-824d-42e8-91cb-614e1f85dfe0,0
cbdcf0df-515e-4126-b68a-e20433175378,c2ccf67a-beb9-40ee-9305-a351bf6030c9,fe591ea5-0141-4b78-96a5-a14f3ed27538,0
63aa7e79-876a-44b4-85a6-b4718dcaa57c,a7f82d77-086f-4ae5-9bc1-3dcf0fbf4003,da3dca24-064d-4765-a9b5-e4c13e3fc537,0
e9efcfa5-7b03-4795-967c-9f1e9bd6e08c,f7c7d3b3-3607-477a-bfc8-c21f54b6c967,0b1ea0d5-3f26-401b-98e0-702ae89f786d,0
7bac2b0c-4561-46e6-87bf-626843e6c7a3,01d9ae45-e5f0-49df-bff8-d35af00e3311,746ee8b9-ab56-45c2-815f-3a5cd350732b,0
aa6e7562-8baf-4180-a133-9765e67d2fe8,1f550389-aa76-4ab9-8237-4f7f996a8be8,87a668f4-9415-46a9-a7e8-e87c4386fb77,0
be9770ec-e135-4ac9-8f45-c5f237a434b6,f5e3b1a7-18cd-4052-ae1b-ba4cdc441705,efaa5a32-17ac-4027-a010-702f292f2ae3,0
a4ce93c2-1adf-42b9-a44b-9537de8e4b08,72a793b6-d6ca-4d6d-ac22-3d8b923d0ea7,0d9dab2c-1eaa-45b2-8055-f569949ab85b,0
2d04a809-5b9c-46f5-b81c-b8ebcdf07a61,111485cb-9f69-401f-9bef-fff505d9040c,c43f2c6c-716e-4b70-bec4-4e2ac3ff608d,0
2011fa26-c206-45e7-930c-afde86ad4c20,a729463b-05b6-4bcb-9f00-cd6ea52c25cb,dc5d4846-efb8-4f8e-9e56-417acf515a98,0
dbaa2832-121d-4915-a792-9cbcb336822f,09819297-96cd-46bd-acab-f72da231d283,260d8ecc-79c5-4223-aef9-fe8fb1b72c81,0
158f4e7d-53d3-4f9d-b259-c5236d95153d,d1e5c739-af27-4fd0-8ad5-a60bcdbfb2e5,563df5cd-c133-45c5-85ef-06e0bf2f2e20,0
df84e72c-e2ee-469a-bf31-2072d9dbd8d2,6ee6e425-1762-4310-a532-004c7e2d709c,dea7308f-a17c-4530-9ada-f7ccb7c5198c,0
b87c3cf3-39af-4de8-9772-7db4ec0ef818,0c9433dc-3aed-43b3-acce-d1aaf19a140b,241dcb4f-a19a-449b-b646-bfb16e7533c2,0
707066e5-ae04-45e9-b03c-05b9c74efc87,a91670aa-1e99-4b16-bd59-019b353d9ea1,9a97cb7d-5630-42ac-833a-0a17071518cc,0
7373a54b-f4ef-4abc-842e-2389c29dc7f7,49384635-4303-428a-aabc-c4916a5bf8cb,6f440e96-2dc5-4fc9-8a89-a002e3e43818,0
f421510b-16c1-45b6-a191-3fc77e5816e6,fa925ff9-471d-4125-b1b9-f42027b88ce4,6ded4b58-3409-4911-a3da-588e5df423af,0
5b620246-e471-4e86-b4d0-cc27f967b21b,48931069-cedf-4d3b-854b-b53a8a4b6242,f875ccfb-f810-447a-b72a-9b73e6b4996d,0
0a3edb6e-fc7e-4892-88ff-bf80c2e8ac89,1a9c27ee-a91c-4ad2-8e5b-477130760a4f,c510b197-61bd-4caf-9d5a-c8ed732e2f8c,0
f3a5e036-e003-4836-b51b-88d898ee4d5f,72b76b5f-8226-4301-9c9f-190cd03230e3,6be653bb-e25f-4862-982b-b90a22680bf9,0
28770f30-d0da-4877-a0a1-e1e3b9fd0f56,265ea605-15e5-4473-a547-6c1b79186c70,ab404018-ecd9-4dc3-a0df-cf0573d90e17,0
62804b24-b4e8-4bd0-93bc-8fb46086bf9f,be081777-2618-4ae9-a87b-24a344c86d1e,b932942c-900b-480a-9f28-dbc09b9e3bd6,0
4ae15530-5a67-43af-818c-f11d8375ed60,2b453a11-ae0e-449b-a960-5a6f296438f5,c044efa7-911c-4011-a7b0-244aaafe2c5c,0
dae59417-e4b7-4a9a-862e-e1b8a1e6edc3,4dcf34ff-4cbe-4302-ba67-a50c70d0a237,cde06adf-914d-45b6-98fd-7c7e758bb164,0
50130d81-f886-4102-9f27-df1b45674877,4b1379af-d764-41d7-9822-870a6ffd0327,6b50ba22-b526-4f75-990b-b22bd1e2a109,0
16475a2b-598f-4b98-b63a-c0b285f5bdb1,2b7188ef-bab9-423d-a4b3-be537798ea3f,02995b22-124a-4b96-ba2d-aa6f8b639649,0
70676625-0f1e-4264-9e69-6175b9286d57,ab15e138-9da6-48c3-8166-1cd26e3ec393,4e081ff2-f565-4642-b1c2-5011f6843d14,0
baf5fbcb-446f-43d3-9b50-08691938c798,655391ce-0070-4630-a421-ff349bf2f79f,0a448e71-618a-4361-ad74-ca6c5f4cfc84,0
e64b6751-0387-450d-8f9f-44dffe820a51,45918458-af5b-4951-9572-061809f12da5,539ad8fc-a963-4100-8152-95cda37084ba,0
16df3b6a-bc91-4d57-88af-7e9c8d52a951,c9b35cb5-d7d5-476c-a717-8eb8a427a1cf,ddd47511-aa74-4dba-81cf-302377257f6d,0
fa8f1b33-1898-4c8c-8b10-7b52ed415ae9,33b8bac1-5966-46f5-a2e1-d5ba949d9b66,e41e6c99-44b3-40fd-9d78-4930793fc6b4,0
a701bf01-d840-4984-bd53-10394e8c9d49,1368c082-11a6-4a17-afaf-f45c7dc5127f,6e37e7ea-3361-4bf8-9aef-f78bffa2eac0,0
dcfe01c0-1d6b-4018-bece-73ee8bb2da0b,0bb6b798-0e8c-45a0-a087-259ecbf8948c,d57f8db6-3fc4-4353-adb4-d0a9ff6fc747,0
62758c30-3eb3-4f57-9ee5-782266dfb389,c1811259-470b-4246-b84b-4accea76ba85,334405c4-ac09-4026-9490-db743dc270a2,0
0250a0ea-cfa7-4d84-a657-e42cec27e68e,fbaf3e88-25c8-4f20-a965-5cf72ba6208d,19ffb379-b7a9-4f44-aa12-9240db36ec03,0
b752ea32-728b-4ef9-a516-ae96fefbbdb2,6cd32450-0d63-4d9e-9fee-91b035bb9388,51da80ba-ec0d-4df0-ae3c-31a97ef861ac,0
a8f40e13-7478-432f-8410-708e346d2261,7599ad4a-82e8-413a-aa84-2aecee5a8f42,6b6220b2-3133-4139-aba9-e168020e41e8,0
e3c0a722-3128-4d21-a2f9-ea11e0963f5e,d45bd020-62dd-4275-9ce6-d42f639e18a8,a84e9567-8273-446c-a38d-7802086540e2,0
0a599dc0-c920-4d75-baf6-b62a7dea503a,312919f1-6fe7-4259-bd44-7e71acd8393c,7e6e4efd-9e12-4f8a-b9fb-35fde87432d4,0
8998e357-aaa2-45ad-a20f-c7810100acbf,ad679b29-8698-4d8d-ac23-3fc3f1e5c476,04585a4c-ce44-4984-9481-2eb4485f3900,0
a81721ee-6686-4e24-9e63-4d43cac54e07,f7ebd18a-4a94-4fb2-b4b0-71da1050704b,a5f5e88d-18ae-4048-a634-ca93a627c62b,0
5f7a70cd-2ec8-43f1-9c36-e0e9423d9be9,aa6bcde3-eaf1-4be7-9561-1128f50ad83d,3f10e124-2bbd-4d3d-9c91-6a995500e257,0
a7ea1b26-6eb1-4266-acaf-00037792b5b6,dcfdfc7c-0914-421c-abd3-6e9a6ebab056,3a8bfb7e-2b88-473c-a65a-c6731c211c6a,0
a2b58674-27f0-4ffd-8c47-9e885636ef3a,98c264a3-ecbf-4e3c-810e-878335696928,2dcce3a5-75aa-4b9a-bd76-5750bae2b457,0
da520856-c5b3-4949-8452-721e3b03888c,4daa8dcc-86bf-4335-858d-5014cbc1866c,ee17768a-0509-4deb-8549-962080a46c79,0
5904d45e-27d8-4198-bafb-9b440a0798b9,4fa40889-6fbd-4904-9e54-ff9589aa4131,b86d7921-44ea-4f77-9730-d5c436c25881,0
294cdd38-ef6f-424e-b527-55880d2308ea,daa5d05b-ebed-483a-a55d-1a5919cdeafa,d5c0c641-2115-429a-a476-e8de790b6cf2,0
df41bcef-b95d-42ce-afda-9df9f3318239,6d09c697-cbe1-4eed-bf0d-ac4d45b525f7,4c2c783b-7014-4ac3-8149-85b85200cbde,0
02f0810c-0826-4f02-a665-2f5999c09f29,ad1424a1-6b42-4352-8a0d-a78618f330e7,e71638a1-3728-44f7-a47a-06eb56efd55b,0
2b736bab-e0bc-4911-a822-347c5e1b6a07,6900309a-005d-400f-810b-e938ff0de7f0,8dbff369-67e7-4e20-ad45-b04f82b48e27,0
f4faf2f9-d3c5-4d4c-b0b2-713957aa29cd,92e210fa-ad6d-46fb-a393-6e71b040d43a,25604acc-b4dc-400b-943f-5f72abc327e8,0
1e757f36-dce7-499b-86b6-45a727ffbe9f,3939b1cf-d0db-4f3c-bf1f-c1e0011eccd7,1b2eaf4f-e4dc-4aa2-996e-0a02ffb35cf2,0
35f9033e-a229-45a2-aba1-b19e05ed961c,da7a999c-738c-47bb-b3a6-283e735963ec,9c0c75b6-29a3-4016-87ce-cde5339851e7,0
e872830d-fced-494e-93f2-75ed34d42ac6,d3326073-445f-4d59-a089-83cfef866cfc,77af7285-4a83-4b60-ad56-e917ac584a9d,0
85d4e4b1-d7b6-4250-ae5a-5b948d9dbdf0,2b59e302-2c5c-4bbf-aead-5893413b269a,bee621bb-91de-49d0-9b76-6a5ed6248084,0
a336000e-da2a-43e9-9c37-a33175833451,f8c6b5ce-310f-4c93-9567-420116a9e027,ab26a0ac-209f-4067-b342-59521c9b44a2,0
c04c2b35-d157-428a-a33c-efab745a6649,eace0cbb-d714-4258-8b53-932d4b257896,cd2d8a44-7f6d-4f70-ab0d-07a8f4ab7799,0
cbcc5c95-7b54-42ed-8315-c5ad3dd85ba1,e901e8b5-b6b9-43d5-82f7-6b5d83daabef,3f705cde-ee70-4650-ad8e-fa2ba7b36205,0
80d2c9d7-6013-46b5-a654-1f13d67482e8,4383fb54-100b-4cf3-be37-a467140db3bd,2da8c980-63ae-4d1b-8592-32302e20d1bb,0
81863749-d074-4cc2-b4ad-6e2067954e42,d2b273ce-b46f-4e5f-957b-06e38b662ead,129aaa8d-56ab-4dcd-9853-dc6c8a8bd324,0
